ref,client_id,client_nom,type_credit,montant,duree,taux,score,statut,date_depot,agence_id
ENG-20001,CLI-10360,Said Erraji,Mourabaha Auto,243066.76,24,3.57,46,Debloque,2023-08-26 08:23:35,AG-006
ENG-20002,CLI-10456,Zineb Bennani,Ijara,432156.72,180,7.87,27,,2025-09-02 09:53:19,AG-008
ENG-20003,CLI-10050,Hicham Mouline,Mourabaha Immo,623477.65,120,6.39,51,Debloque,2024-09-24 16:26:47,AG-004
ENG-20004,CLI-10327,Amine Jai,Mourabaha Auto,279110.96,60,7.36,74,Surveillance,2024-03-18 14:32:21,AG-002
ENG-20005,CLI-10274,Zineb Benjelloun,Investissement PME,1382587.34,60,6.53,61,Debloque,2026-11-14 13:38:15,AG-004
ENG-20006,CLI-10110,Nadia Erraji,Ijara,359198.13,240,8.59,52,Debloque,2026-08-13 08:46:02,AG-001
ENG-20007,CLI-10306,Driss Jai,Mourabaha Immo,614537.19,120,5.15,48,Valide,2025-01-25 12:58:35,AG-004
ENG-20008,CLI-10293,Samira Alaoui,Investissement PME,2174478.15,48,4.02,78,Debloque,2024-05-12 17:15:14,AG-005
ENG-20009,CLI-10154,Ahmed El Amrani,Mourabaha Immo,190847.48,240,3.92,61,Debloque,2024-08-27 17:52:58,AG-007
ENG-20010,CLI-10375,Rachid El Amrani,Credit Tresorerie,547224.72,24,3.93,27,Surveillance,2025-06-27 14:26:59,AG-004
ENG-20011,CLI-10446,Mehdi Zniber,Mourabaha Auto,272502.24,24,6.99,68,En analyse,2023-06-18 17:09:20,AG-006
ENG-20012,CLI-10114,Khadija Hakim,Mourabaha Immo,210821.96,240,7.52,70,Contentieux,2023-04-14 12:50:25,AG-008
ENG-20013,CLI-10173,Leila Hakim,Mourabaha Immo,461292.31,180,4.94,71,Debloque,2024-03-16 16:12:31,AG-010
ENG-20014,CLI-10293,Samira Alaoui,Mourabaha Immo,543778.97,240,8.98,87,Valide,2023-05-25 14:20:43,AG-005
ENG-20015,CLI-10046,Driss Jai,Mourabaha Immo,480406.42,120,5.26,23,Debloque,2024-06-20 15:39:09,AG-004
ENG-20016,CLI-10474,Said Tazi,Credit Tresorerie,280422.87,12,7.27,39,Debloque,2023-02-24 08:15:39,AG-003
ENG-20017,CLI-10445,Noureddine Balafrej,Credit Tresorerie,374825.55,12,5.18,80,En analyse,2024-12-18 11:13:34,AG-007
ENG-20018,CLI-10133,Hassan Mouline,Ijara,560404.31,240,7.51,38,Debloque,2023-07-19 16:02:16,AG-008
ENG-20019,CLI-10146,Omar Balafrej,Mourabaha Immo,711802.54,180,7.1,21,En analyse,2025-11-28 13:55:06,AG-010
ENG-20020,CLI-10195,Youssef El Fassi,Ijara,244236.11,240,4.05,60,Debloque,2023-03-07 16:29:35,AG-010
ENG-20021,CLI-10012,Nadia Sbihi,Mourabaha Immo,825705.57,180,5.66,40,En analyse,2025-06-21 12:15:32,AG-004
ENG-20022,CLI-10032,Rachid Tazi,Mourabaha Auto,217984.27,60,8.4,23,Surveillance,2025-04-05 13:57:25,AG-002
ENG-20023,CLI-10045,Samira Erraji,Mourabaha Auto,156699.69,36,5.8,93,Valide,2025-10-11 15:34:08,AG-008
ENG-20024,CLI-10071,Soukaina Idrissi,Mourabaha Auto,246084.94,36,8.24,59,Debloque,2024-07-25 10:41:59,AG-003
ENG-20025,CLI-10081,Driss Fassi-Fihri,Mourabaha Immo,151194.35,120,4.51,38,Debloque,2025-07-14 12:28:47,AG-008
ENG-20026,CLI-10458,Amina Tazi,Mourabaha Auto,126899.54,48,4.34,44,Valide,2024-01-25 17:39:17,AG-008
ENG-20027,CLI-10314,Hassan Jai,Mourabaha Immo,887701.97,180,3.94,81,Valide,2026-12-21 13:11:54,AG-007
ENG-20028,CLI-10243,Khadija Guedira,Mourabaha Immo,857929.71,120,4.74,72,Debloque,2023-05-14 11:47:42,AG-002
ENG-20029,CLI-10388,Amina Lamrani,Mourabaha Immo,820074.33,180,8.27,82,Debloque,2026-04-14 14:49:02,AG-010
ENG-20030,CLI-10423,Asmaa Fikri,Ijara,734672.75,180,5.67,93,Debloque,2023-09-04 15:29:52,AG-003
ENG-20031,CLI-10450,Leila Mouline,Investissement PME,1001694.82,36,6.57,86,Debloque,2023-04-10 15:25:56,AG-008
ENG-20032,CLI-10424,Amina El Fassi,Mourabaha Immo,461175.04,120,5.82,26,Debloque,2024-08-27 15:05:46,AG-003
ENG-20033,CLI-10093,Hicham Mouline,Mourabaha Auto,291342.08,36,5.66,61,Debloque,2024-08-19 11:56:29,AG-010
ENG-20034,CLI-10333,Samira Mouline,Credit Tresorerie,275422.06,12,7.45,35,En analyse,2026-11-12 09:33:45,AG-004
ENG-20035,CLI-10406,Amine Idrissi,Investissement PME,1083790.54,84,3.74,41,Surveillance,2024-03-28 10:11:49,AG-006
ENG-20036,CLI-10215,Hassan El Fassi,Mourabaha Immo,392674.53,240,7.73,77,Valide,2024-02-05 11:00:39,AG-010
ENG-20037,CLI-10007,Abdellah El Amrani,Ijara,412414.04,120,6.84,83,Valide,2026-08-14 15:05:38,AG-005
ENG-20038,CLI-10126,Fatima Guedira,Credit Tresorerie,106307.08,24,6.91,91,Debloque,2024-01-06 10:03:41,AG-003
ENG-20039,CLI-10075,Amina Mouline,Credit Tresorerie,133801.39,24,5.32,31,En analyse,2026-03-06 12:39:42,AG-008
ENG-20040,CLI-10305,Said Bencheikh,Mourabaha Auto,88238.55,36,8.81,94,Debloque,2023-02-25 12:20:23,AG-003
ENG-20041,CLI-10420,Mehdi Bencheikh,Mourabaha Immo,410301.62,180,6.09,35,Debloque,2025-06-17 14:33:13,AG-002
ENG-20042,CLI-10314,Hassan Jai,Mourabaha Immo,996124.02,240,7.51,87,Contentieux,2026-12-23 17:59:50,AG-007
ENG-20043,CLI-10148,Mohamed Guedira,Ijara,467059.49,240,8.97,65,Surveillance,2026-09-24 15:31:51,AG-001
ENG-20044,CLI-10313,Rachid Kabbaj,Mourabaha Immo,615268.71,180,8.89,20,Valide,2026-11-26 09:47:54,AG-003
ENG-20045,CLI-10316,Samira Berrada,Investissement PME,835127.88,48,3.56,45,Debloque,2025-02-10 12:32:35,AG-001
ENG-20046,CLI-10004,Hicham Benjelloun,Mourabaha Immo,588787.31,180,5.38,92,Debloque,2023-03-07 13:53:21,AG-009
ENG-20047,CLI-10246,Amine Jai,Credit Tresorerie,290571.71,24,4.35,78,Surveillance,2025-08-26 14:59:47,AG-004
ENG-20048,CLI-10290,Mohamed Jai,Mourabaha Auto,153785.03,48,6.55,22,Valide,2025-06-03 10:17:53,AG-004
ENG-20049,CLI-10274,Zineb Benjelloun,Credit Tresorerie,231760.61,36,4.14,59,Debloque,2025-12-02 12:26:05,AG-004
ENG-20050,CLI-10122,Noureddine Guedira,Ijara,234999.5,180,4.69,58,Valide,2025-01-25 11:58:05,AG-008
ENG-20051,CLI-10013,Hicham Jai,Mourabaha Auto,245029.24,48,8.58,87,Valide,2025-03-25 09:52:33,AG-008
ENG-20052,CLI-10068,Rachid Mouline,Mourabaha Immo,374458.71,120,6.03,86,Valide,2025-01-22 17:55:05,AG-002
ENG-20053,CLI-10456,Zineb Bennani,Mourabaha Immo,339986.23,180,3.62,59,Debloque,2024-06-07 11:18:17,AG-008
ENG-20054,CLI-10396,Samira Fassi-Fihri,Ijara,445957.23,120,5.0,40,Valide,2023-10-18 16:06:13,AG-005
ENG-20055,CLI-10282,Fatima Idrissi,Mourabaha Immo,796659.86,180,6.66,41,En analyse,2025-09-15 08:08:01,AG-003
ENG-20056,CLI-10346,Leila Idrissi,Mourabaha Immo,1011014.76,180,3.8,74,Debloque,2026-10-12 12:21:52,AG-004
ENG-20057,CLI-10389,Asmaa El Amrani,Mourabaha Auto,29235.36,60,6.62,31,Debloque,2026-02-15 12:43:41,AG-005
ENG-20058,CLI-10239,Khadija Fikri,Ijara,268179.72,120,4.29,53,Surveillance,2026-03-23 13:50:55,AG-001
ENG-20059,CLI-10233,Asmaa Fikri,Ijara,560775.38,180,6.04,41,Valide,2025-10-19 10:32:06,AG-005
ENG-20060,CLI-10366,Mehdi Benjelloun,Mourabaha Auto,278914.96,48,6.56,29,Debloque,2026-07-19 14:15:39,AG-002
ENG-20061,CLI-10082,Mohamed Sbihi,Investissement PME,1159904.79,84,7.81,75,Debloque,2025-09-23 11:11:42,AG-007
ENG-20062,CLI-10379,Youssef Fassi-Fihri,Investissement PME,1443487.06,84,4.13,79,Valide,2023-08-06 12:25:04,AG-001
ENG-20063,CLI-10351,Hicham Bencheikh,Credit Tresorerie,383488.73,24,7.05,27,En analyse,2024-10-25 08:48:09,AG-004
ENG-20064,CLI-10232,Asmaa Fassi-Fihri,Ijara,242169.76,180,6.89,77,Valide,2025-05-19 12:58:59,AG-007
ENG-20065,CLI-10469,Amine Fikri,Mourabaha Immo,683785.88,240,5.72,36,Surveillance,2023-06-18 08:00:45,AG-009
ENG-20066,CLI-10184,Khalid Lamrani,Mourabaha Immo,797663.47,180,8.26,50,Debloque,2026-11-11 14:25:24,AG-009
ENG-20067,CLI-10109,Youssef Sbihi,Mourabaha Auto,189029.04,,8.14,66,Debloque,2024-05-28 10:08:00,AG-005
ENG-20068,CLI-10370,Abdellah El Amrani,Credit Tresorerie,252185.04,36,5.9,37,En analyse,2026-08-26 17:59:27,AG-001
ENG-20069,CLI-10233,Asmaa Fikri,Ijara,342527.33,180,4.74,74,Debloque,2026-12-08 16:17:26,AG-005
ENG-20070,CLI-10296,Khadija Fikri,Ijara,486228.72,120,6.62,67,Valide,2026-12-03 10:46:46,AG-001
ENG-20071,CLI-10440,Ahmed Sbihi,Investissement PME,2081140.35,36,6.38,31,Valide,2023-11-21 16:51:37,AG-009
ENG-20072,CLI-10028,Ahmed Bennani,Credit Tresorerie,161997.2,36,7.78,80,Debloque,2026-10-24 13:26:22,AG-006
ENG-20073,CLI-10409,Noureddine El Fassi,Mourabaha Immo,903244.85,240,7.62,92,Valide,2026-10-06 17:03:42,AG-007
ENG-20074,CLI-10415,Meryem Kabbaj,Mourabaha Auto,339245.22,24,5.08,30,Valide,2023-05-09 10:39:17,AG-007
ENG-20075,CLI-10132,Driss Zniber,Mourabaha Immo,659961.8,240,7.56,77,Debloque,2024-05-26 11:31:11,AG-010
ENG-20076,CLI-10442,Imane Fassi-Fihri,Mourabaha Immo,713900.6,120,8.82,39,Debloque,2026-07-08 15:46:40,AG-010
ENG-20077,CLI-10296,Khadija Fikri,Mourabaha Auto,148383.81,24,3.79,79,Debloque,2025-08-24 16:14:24,AG-001
ENG-20078,CLI-10200,Khadija Mouline,Ijara,606719.33,120,6.42,75,En analyse,2026-07-22 13:33:43,AG-003
ENG-20079,CLI-10050,Hicham Mouline,Credit Tresorerie,42160.49,24,6.86,54,Valide,2025-02-09 17:25:29,AG-004
ENG-20080,CLI-10384,Zineb Tazi,Mourabaha Immo,241763.2,240,6.74,44,Debloque,2024-06-18 08:43:00,AG-002
ENG-20081,CLI-10007,Abdellah El Amrani,Ijara,122299.57,180,4.71,56,Valide,2023-01-20 09:03:38,AG-005
ENG-20082,CLI-10428,Youssef Kabbaj,Mourabaha Immo,579508.44,240,7.01,35,En analyse,2024-07-22 17:51:11,AG-003
ENG-20083,CLI-10357,Salma Alaoui,Mourabaha Immo,492813.4,120,7.01,55,Debloque,2025-05-06 09:17:49,AG-010
ENG-20084,CLI-10031,Zineb Tazi,Mourabaha Immo,1059020.45,180,4.48,28,Debloque,2024-10-13 10:41:31,AG-003
ENG-20085,CLI-10277,Hind Fikri,Mourabaha Auto,327202.04,60,7.43,33,En analyse,2023-10-24 12:49:28,AG-002
ENG-20086,CLI-10335,Hicham Jai,Mourabaha Auto,380747.55,24,7.16,54,Valide,2025-07-19 08:32:45,AG-010
ENG-20087,CLI-10252,Fatima Zniber,Ijara,150603.88,120,6.47,20,Debloque,2026-02-19 16:59:22,AG-007
ENG-20088,CLI-10156,Hind Mouline,Ijara,403028.42,240,8.98,31,Debloque,2025-02-27 15:48:49,AG-003
ENG-20089,CLI-10104,Abdellah Berrada,Mourabaha Immo,632758.75,120,5.14,69,Surveillance,2025-08-03 15:47:12,AG-009
ENG-20090,CLI-10099,Khalid Benjelloun,Mourabaha Immo,518538.26,240,4.81,69,En analyse,2025-08-18 15:01:02,AG-009
ENG-20091,CLI-10173,Leila Hakim,Mourabaha Auto,216510.58,60,8.67,88,Valide,2024-02-02 10:31:41,AG-010
ENG-20092,CLI-10125,Noureddine Lamrani,Mourabaha Auto,,36,3.58,26,Surveillance,2023-08-20 10:53:37,AG-001
ENG-20093,CLI-10255,Nadia Fassi-Fihri,Mourabaha Auto,251248.34,36,5.84,71,Valide,2024-06-27 11:48:02,AG-010
ENG-20094,CLI-10172,Omar Erraji,Mourabaha Immo,552029.1,180,4.28,73,Valide,2025-09-06 15:15:59,AG-004
ENG-20095,CLI-10069,Hicham El Fassi,Mourabaha Immo,644430.06,120,3.59,82,En analyse,2023-03-03 17:56:18,AG-009
ENG-20096,CLI-10414,Hassan Zniber,Mourabaha Auto,159827.98,60,7.31,46,Valide,2025-09-15 14:15:11,AG-001
ENG-20097,CLI-10020,Nadia Mouline,Mourabaha Auto,227470.92,24,6.95,58,Valide,2023-09-08 11:07:33,AG-009
ENG-20098,CLI-10317,Hicham Bencheikh,Ijara,188050.3,240,6.29,79,Debloque,2024-05-02 11:07:50,AG-004
ENG-20099,CLI-10433,Hassan Slaoui,Investissement PME,1132956.35,36,3.8,66,Valide,2026-05-11 17:51:56,AG-005
ENG-20100,CLI-10023,Leila Hakim,Mourabaha Immo,495952.93,120,8.59,42,Valide,2023-08-17 09:04:57,AG-008
ENG-20101,CLI-10228,Meryem Mouline,Mourabaha Auto,225532.52,48,4.77,34,Valide,2023-04-24 14:55:12,AG-008
ENG-20102,CLI-10113,Samira Benjelloun,Mourabaha Immo,610519.87,240,6.16,75,Valide,2026-03-13 13:08:29,AG-002
ENG-20103,CLI-10324,Noureddine Hakim,Ijara,306598.95,120,7.31,27,Valide,2023-08-15 14:10:48,AG-005
ENG-20104,CLI-10454,Said Slaoui,Mourabaha Immo,584678.58,120,7.84,41,Debloque,2024-02-14 16:31:55,AG-002
ENG-20105,CLI-10303,Said Mouline,Ijara,450069.31,180,7.55,51,Valide,2026-10-08 17:09:58,AG-001
ENG-20106,CLI-10003,Rachid Benjelloun,Ijara,426241.77,120,3.72,80,Debloque,2023-07-17 14:30:51,AG-004
ENG-20107,CLI-10421,Mehdi Lamrani,Mourabaha Immo,568404.14,120,7.31,72,Surveillance,2024-06-10 11:41:05,AG-002
ENG-20108,CLI-10361,Fatima Balafrej,Ijara,341573.07,240,7.61,23,Contentieux,2026-03-28 14:11:50,AG-009
ENG-20109,CLI-10321,Ahmed Bennani,Ijara,210972.4,120,5.62,62,Debloque,2025-07-25 12:44:39,AG-003
ENG-20110,CLI-10407,Amine Berrada,Mourabaha Immo,304951.01,240,3.95,62,Debloque,2023-09-22 13:56:03,AG-004
ENG-20111,CLI-10188,Nadia Mouline,Ijara,457817.65,240,6.57,28,Debloque,2024-03-11 11:34:07,AG-003
ENG-20112,CLI-10378,Omar El Fassi,Investissement PME,1621338.53,48,7.64,-5,Valide,2025-09-22 14:17:03,AG-007
ENG-20113,CLI-10249,Karim Ouazzani,Ijara,577245.94,240,7.23,88,Surveillance,2026-10-12 09:12:57,AG-005
ENG-20114,CLI-10045,Samira Erraji,Mourabaha Immo,301621.32,120,5.09,29,Valide,2025-02-23 10:31:09,AG-008
ENG-20115,CLI-10267,Hind Kabbaj,Investissement PME,1913071.16,48,6.11,73,Debloque,2023-05-07 09:01:55,AG-008
ENG-20116,CLI-10428,Youssef Kabbaj,Investissement PME,1258996.39,60,5.76,63,Debloque,2025-08-19 16:53:35,AG-003
ENG-20117,CLI-10156,Hind Mouline,Mourabaha Auto,259195.52,48,4.75,67,Contentieux,2023-03-12 12:29:10,AG-003
ENG-20118,CLI-10083,Asmaa Mouline,Mourabaha Auto,177797.44,48,4.5,42,Debloque,2024-03-08 09:02:20,AG-008
ENG-20119,CLI-10226,Said Alaoui,Mourabaha Immo,702877.09,120,7.16,64,Valide,2026-09-06 16:19:07,AG-010
ENG-20120,CLI-10208,Youssef Tazi,Investissement PME,2715982.03,48,8.71,60,Valide,2025-11-23 12:30:57,AG-006
ENG-20121,CLI-10484,Youssef Hakim,Mourabaha Auto,313257.01,60,5.36,34,Debloque,2023-03-22 16:07:19,AG-002
ENG-20122,CLI-10229,Khadija Alaoui,Ijara,372123.57,180,3.8,44,Debloque,2024-05-07 08:05:34,AG-002
ENG-20123,CLI-10347,Hassan Hakim,Mourabaha Auto,348307.77,36,6.2,85,Surveillance,2025-07-05 14:23:24,AG-009
ENG-20124,CLI-10146,Omar Balafrej,Mourabaha Immo,1014972.83,180,8.88,91,En analyse,2026-12-14 15:18:10,AG-010
ENG-20125,CLI-10497,Mohamed Lamrani,Credit Tresorerie,279209.68,36,6.79,38,Valide,2026-09-11 09:59:37,AG-006
ENG-20126,CLI-10046,Driss Jai,Mourabaha Immo,553041.4,240,8.53,73,Valide,2026-12-19 10:12:11,AG-004
ENG-20127,CLI-10149,Imane Benjelloun,Mourabaha Auto,335268.13,48,6.22,79,Valide,2023-03-09 12:40:53,AG-003
ENG-20128,CLI-10064,Karim Fikri,Mourabaha Auto,202476.42,48,5.79,82,Surveillance,2024-01-04 12:31:04,AG-008
ENG-20129,CLI-10186,Khadija Slaoui,Mourabaha Auto,97263.19,60,8.86,35,Debloque,2023-05-06 17:03:09,AG-009
ENG-20130,CLI-10450,Leila Mouline,Mourabaha Auto,129840.47,48,4.4,54,Debloque,2025-01-10 12:33:40,AG-008
ENG-20131,CLI-10264,Abdellah Tazi,Mourabaha Immo,473269.12,240,7.64,89,Valide,2025-11-26 12:17:43,AG-006
ENG-20132,CLI-10186,Khadija Slaoui,Mourabaha Immo,390383.29,240,5.43,38,En analyse,2025-06-25 15:26:21,AG-009
ENG-20133,CLI-10084,Rachid Guedira,Mourabaha Immo,713789.81,120,7.87,91,Debloque,2023-07-15 09:07:52,AG-006
ENG-20134,CLI-10009,Hassan Idrissi,Ijara,414407.98,180,7.3,37,Debloque,2025-03-23 12:01:47,AG-008
ENG-20135,CLI-10114,Khadija Hakim,Mourabaha Immo,693321.08,180,4.19,36,Contentieux,2026-12-25 09:04:01,AG-008
ENG-20136,CLI-10388,Amina Lamrani,Ijara,138713.12,120,4.09,85,Debloque,2026-02-09 08:04:19,AG-010
ENG-20137,CLI-10387,Khadija Sbihi,Mourabaha Immo,595022.91,240,8.46,43,Debloque,2023-02-05 12:37:22,AG-004
ENG-20138,CLI-10438,Khadija Jai,Ijara,651408.93,240,6.87,84,Debloque,2023-10-25 08:33:13,AG-003
ENG-20139,CLI-10494,Salma Balafrej,Mourabaha Immo,882577.56,240,4.04,47,Surveillance,2026-06-23 17:11:28,AG-001
ENG-20140,CLI-10055,Samira Lamrani,Mourabaha Immo,478999.45,180,8.9,74,Valide,2024-07-04 13:07:29,AG-002
ENG-20141,CLI-10070,Driss Hakim,Ijara,304381.71,240,3.72,61,Debloque,2026-05-15 17:47:19,AG-010
ENG-20142,CLI-10431,Noureddine El Amrani,Ijara,395754.36,240,5.74,74,Valide,2023-08-22 13:11:00,AG-007
ENG-20143,CLI-10252,Fatima Zniber,Mourabaha Auto,241657.91,24,4.16,70,Debloque,2023-12-06 09:23:12,AG-007
ENG-20144,CLI-10305,Said Bencheikh,Credit Tresorerie,574790.88,24,4.18,74,Debloque,2025-12-25 17:37:17,AG-003
ENG-20145,CLI-10411,Hassan Balafrej,Mourabaha Auto,132268.92,60,8.93,85,Valide,2026-02-04 12:31:31,AG-004
ENG-20146,CLI-10483,Imane Fassi-Fihri,Mourabaha Immo,623341.79,120,7.56,28,Debloque,2023-03-13 17:43:20,AG-005
ENG-20147,CLI-10319,Nadia Benjelloun,Mourabaha Auto,206012.76,60,7.86,45,Valide,2026-08-17 12:34:21,AG-010
ENG-20148,CLI-10277,Hind Fikri,Ijara,188782.73,120,8.95,35,Debloque,2025-07-15 15:02:02,AG-002
ENG-20149,CLI-10338,Meryem Kabbaj,Credit Tresorerie,167406.22,24,5.87,59,Debloque,2026-02-19 15:42:35,AG-003
ENG-20150,CLI-10293,Samira Alaoui,Ijara,497448.57,240,8.2,84,En analyse,2025-08-19 14:39:43,AG-005
ENG-20151,CLI-10146,Omar Balafrej,Mourabaha Immo,692817.02,180,5.42,94,En analyse,2025-07-04 14:22:22,AG-010
ENG-20152,CLI-10029,Hassan Fassi-Fihri,Mourabaha Auto,241562.98,36,4.79,59,Debloque,2023-05-04 13:10:01,AG-003
ENG-20153,CLI-10020,Nadia Mouline,Ijara,0,180,4.97,80,Debloque,2025-07-19 14:20:36,AG-009
ENG-20154,CLI-10354,Mohamed Slaoui,Mourabaha Auto,188701.41,48,6.23,63,Valide,2025-06-14 11:31:40,AG-006
ENG-20155,CLI-10404,Ahmed Guedira,Mourabaha Immo,818201.13,180,3.76,93,Debloque,2024-10-24 09:45:54,AG-005
ENG-20156,CLI-10304,Hind Fikri,Mourabaha Immo,536646.96,120,6.62,87,Debloque,2024-06-26 09:41:52,AG-008
ENG-20157,CLI-10412,Asmaa Idrissi,Mourabaha Immo,357194.82,180,5.71,85,Debloque,2024-01-21 16:55:11,AG-003
ENG-20158,CLI-10110,Nadia Erraji,Mourabaha Auto,228764.36,60,4.97,88,Debloque,2026-10-24 08:33:12,AG-001
ENG-20159,CLI-10076,Asmaa Zniber,Mourabaha Immo,562748.96,180,5.76,28,Debloque,2026-05-27 12:41:10,AG-010
ENG-20160,CLI-10308,Asmaa Fassi-Fihri,Mourabaha Immo,207558.03,120,4.12,44,En analyse,2025-08-16 16:27:27,AG-010
ENG-20161,CLI-10019,Youssef Balafrej,Mourabaha Immo,830315.12,180,7.12,42,Debloque,2023-12-16 08:03:55,AG-005
ENG-20162,CLI-10161,Driss Fikri,Mourabaha Auto,282721.76,24,8.45,72,Surveillance,2023-07-27 10:15:07,AG-008
ENG-20163,CLI-10257,Karim Kabbaj,Investissement PME,626177.35,60,6.23,31,Valide,2023-06-11 17:47:24,AG-004
ENG-20164,CLI-10381,Said Kabbaj,Mourabaha Immo,438646.36,180,4.7,33,Valide,2025-08-14 12:55:37,AG-001
ENG-20165,CLI-10359,Salma Sbihi,Investissement PME,1222642.83,48,8.8,38,Debloque,2025-05-01 17:02:53,AG-003
ENG-20166,CLI-10410,Driss Mouline,Investissement PME,2573812.83,48,4.89,69,Valide,2025-11-04 16:55:15,AG-001
ENG-20167,CLI-10199,Ahmed Bennani,Mourabaha Immo,835463.62,180,5.15,50,Valide,2024-08-21 13:56:51,AG-005
ENG-20168,CLI-10209,Youssef Slaoui,Mourabaha Auto,225781.05,48,8.27,82,Debloque,2026-06-23 14:56:58,AG-007
ENG-20169,CLI-10423,Asmaa Fikri,Mourabaha Immo,832853.25,180,6.81,90,Debloque,2026-12-01 08:41:41,AG-003
ENG-20170,CLI-10228,Meryem Mouline,Mourabaha Auto,335493.1,36,3.52,45,Debloque,2025-10-03 09:10:15,AG-008
ENG-20171,CLI-10497,Mohamed Lamrani,Mourabaha Auto,213748.49,60,7.86,60,Debloque,2024-05-06 17:52:20,AG-006
ENG-20172,CLI-10102,Asmaa El Amrani,Mourabaha Immo,360426.89,180,4.5,68,Surveillance,2024-01-01 16:41:39,AG-006
ENG-20173,CLI-10465,Hind Fikri,Mourabaha Immo,336373.27,120,3.77,74,Debloque,2024-02-12 10:36:07,AG-006
ENG-20174,CLI-10396,Samira Fassi-Fihri,Credit Tresorerie,327336.09,24,8.05,83,Valide,2024-04-28 12:18:47,AG-005
ENG-20175,CLI-10067,Zineb Mouline,Ijara,363925.42,180,7.5,44,Debloque,2026-03-01 12:16:15,AG-002
ENG-20176,CLI-10465,Hind Fikri,Mourabaha Immo,624086.92,240,7.26,78,En analyse,2026-03-28 13:44:25,AG-006
ENG-20177,CLI-10366,Mehdi Benjelloun,Ijara,176608.28,120,4.02,27,En analyse,2024-08-12 17:42:51,AG-002
ENG-20178,CLI-10384,Zineb Tazi,Credit Tresorerie,511894.51,12,,68,Valide,2026-11-12 10:57:35,AG-002
ENG-20179,CLI-10087,Imane El Amrani,Ijara,508958.43,120,3.99,87,Debloque,2025-02-11 08:08:31,AG-003
ENG-20180,CLI-10428,Youssef Kabbaj,Mourabaha Immo,511350.23,180,8.59,56,Surveillance,2025-10-27 12:33:20,AG-003
ENG-20181,CLI-10085,Zineb Benjelloun,Mourabaha Immo,657659.43,120,6.56,76,En analyse,2024-01-08 10:02:30,AG-008
ENG-20182,CLI-10362,Khalid Erraji,Ijara,547821.63,120,8.97,83,En analyse,2025-12-18 15:29:31,AG-007
ENG-20183,CLI-10369,Imane Alaoui,Credit Tresorerie,416895.84,24,4.49,41,Debloque,2025-10-22 17:13:37,AG-007
ENG-20184,CLI-10003,Rachid Benjelloun,Ijara,580603.51,240,4.49,29,Valide,2026-11-04 13:01:18,AG-004
ENG-20185,CLI-10349,Abdellah Bencheikh,Mourabaha Immo,388581.93,120,8.1,39,En analyse,2026-12-22 15:29:40,AG-001
ENG-20186,CLI-10305,Said Bencheikh,Mourabaha Auto,381334.66,48,8.83,77,Valide,2024-04-28 08:51:41,AG-003
ENG-20187,CLI-10409,Noureddine El Fassi,Mourabaha Immo,783640.29,180,4.01,52,Valide,2026-02-01 11:10:24,AG-007
ENG-20188,CLI-10146,Omar Balafrej,Mourabaha Auto,435141.02,36,4.16,82,Debloque,2025-11-20 10:22:42,AG-010
ENG-20189,CLI-10103,Leila Kabbaj,Ijara,633953.96,240,6.8,31,Debloque,2025-10-06 14:40:27,AG-005
ENG-20190,CLI-10499,Ahmed Benjelloun,Ijara,273109.0,120,7.06,39,Surveillance,2023-05-15 14:05:58,AG-003
ENG-20191,CLI-10154,Ahmed El Amrani,Mourabaha Immo,630014.61,120,6.38,57,Debloque,2023-01-17 09:32:27,AG-007
ENG-20192,CLI-10238,Omar Zniber,Mourabaha Auto,280718.24,48,5.46,94,En analyse,2023-02-24 15:11:50,AG-004
ENG-20193,CLI-10202,Karim Idrissi,Mourabaha Immo,396000.03,180,6.73,78,Debloque,2026-10-26 12:21:58,AG-007
ENG-20194,CLI-10096,Mehdi Fassi-Fihri,Mourabaha Immo,794666.17,120,7.61,53,Surveillance,2023-07-18 08:00:25,AG-005
ENG-20195,CLI-10088,Abdellah Slaoui,Mourabaha Auto,162457.27,60,5.17,66,Debloque,2026-05-03 10:08:00,AG-008
ENG-20196,CLI-10418,Khalid Fikri,Mourabaha Immo,845635.59,120,8.22,46,Debloque,2024-11-08 14:53:40,AG-004
ENG-20197,CLI-10276,Hind Fikri,Mourabaha Immo,741740.12,180,5.82,34,Valide,2024-12-23 15:31:30,AG-008
ENG-20198,CLI-10125,Noureddine Lamrani,Mourabaha Immo,608883.17,240,8.06,70,En analyse,2023-02-21 14:26:54,AG-001
ENG-20199,CLI-10297,Salma Slaoui,Mourabaha Auto,187506.74,60,5.7,85,Debloque,2026-04-23 08:33:01,AG-001
ENG-20200,CLI-10162,Noureddine Fikri,Mourabaha Auto,182247.23,48,8.41,73,Surveillance,2023-08-20 13:28:44,AG-009
ENG-20201,CLI-10083,Asmaa Mouline,Mourabaha Immo,798264.23,120,6.29,95,Surveillance,2025-10-28 15:08:56,AG-008
ENG-20202,CLI-10365,Mohamed Erraji,Ijara,634462.86,180,8.08,66,Debloque,2024-10-07 12:44:47,AG-009
ENG-20203,CLI-10089,Noureddine El Amrani,Mourabaha Immo,527378.72,180,8.69,83,Valide,2024-09-02 08:22:56,AG-002
ENG-20204,CLI-10347,Hassan Hakim,Mourabaha Immo,651743.7,240,3.68,28,Valide,2023-10-08 09:35:14,AG-009
ENG-20205,CLI-10175,Khalid Zniber,Mourabaha Auto,373320.0,48,8.43,85,Debloque,2023-12-02 15:51:29,AG-007
ENG-20206,CLI-10387,Khadija Sbihi,Mourabaha Immo,259598.82,120,7.8,33,Debloque,2023-09-04 10:40:07,AG-004
ENG-20207,CLI-10467,Omar Guedira,Ijara,404881.27,240,6.24,32,Valide,2025-06-27 10:07:54,AG-008
ENG-20208,CLI-10497,Mohamed Lamrani,Ijara,125069.88,120,4.85,80,Valide,2024-02-09 13:45:48,AG-006
ENG-20209,CLI-10323,Karim Tazi,Mourabaha Auto,343975.32,60,7.83,37,Debloque,2026-07-15 16:50:43,AG-009
ENG-20210,CLI-10016,Driss Benjelloun,Ijara,665033.2,120,7.45,86,Surveillance,2023-06-11 14:49:10,AG-007
ENG-20211,CLI-10202,Karim Idrissi,Mourabaha Auto,198145.78,24,8.88,86,Contentieux,2026-07-22 16:55:19,AG-007
ENG-20212,CLI-10161,Driss Fikri,Credit Tresorerie,165863.58,12,8.05,87,Debloque,2024-12-13 15:41:13,AG-008
ENG-20213,CLI-10320,Fatima Alaoui,Mourabaha Auto,187502.49,60,7.76,58,En analyse,2025-07-24 10:33:34,AG-002
ENG-20214,CLI-10048,Hassan Guedira,Ijara,210618.53,180,6.37,40,En analyse,2025-04-27 12:46:27,AG-007
ENG-20215,CLI-10057,Imane El Fassi,Mourabaha Auto,227013.16,48,4.18,35,Debloque,2023-08-11 11:51:47,AG-010
ENG-20216,CLI-10290,Mohamed Jai,Mourabaha Auto,277122.51,36,5.43,56,Debloque,2024-12-13 16:47:15,AG-004
ENG-20217,CLI-10265,Hind El Amrani,Mourabaha Auto,212603.39,24,4.31,74,Debloque,2023-02-02 14:56:08,AG-003
ENG-20218,CLI-10229,Khadija Alaoui,Mourabaha Immo,408613.02,240,6.39,95,Debloque,2026-05-19 15:40:27,AG-002
ENG-20219,CLI-10353,Noureddine Fikri,Investissement PME,133585.42,48,4.29,36,Debloque,2026-03-23 16:55:33,AG-008
ENG-20220,CLI-10109,Youssef Sbihi,Ijara,511814.13,120,7.61,91,Debloque,2023-10-28 14:07:07,AG-005
ENG-20221,CLI-10149,Imane Benjelloun,Mourabaha Immo,603524.65,180,5.17,82,En analyse,2024-03-26 17:26:03,AG-003
ENG-20222,CLI-10157,Mehdi Slaoui,Credit Tresorerie,314015.52,12,4.51,82,En analyse,2025-02-28 08:26:30,AG-007
ENG-20223,CLI-10290,Mohamed Jai,Ijara,258769.34,240,8.09,36,Debloque,2026-08-22 15:09:55,AG-004
ENG-20224,CLI-10046,Driss Jai,Mourabaha Auto,411203.28,60,5.63,70,Valide,2023-11-15 12:41:05,AG-004
ENG-20225,CLI-10363,Leila Tazi,Mourabaha Immo,364891.99,180,6.59,35,Inconnu,2023-04-20 16:36:48,AG-006
ENG-20226,CLI-10097,Samira Fikri,Mourabaha Auto,142230.53,24,4.16,88,Valide,2023-05-26 11:15:53,AG-004
ENG-20227,CLI-10455,Hind Kabbaj,Mourabaha Auto,368666.29,48,5.71,25,Debloque,2023-06-14 10:26:01,AG-007
ENG-20228,CLI-10163,Hicham El Amrani,Ijara,419853.82,120,4.13,32,Debloque,2025-03-06 12:49:05,AG-006
ENG-20229,CLI-10488,Noureddine Kabbaj,Ijara,550763.32,180,4.5,27,Valide,2023-06-05 14:57:20,AG-004
ENG-20230,CLI-10483,Imane Fassi-Fihri,Credit Tresorerie,384781.21,12,3.79,50,Debloque,2024-08-17 16:24:07,AG-005
ENG-20231,CLI-10163,Hicham El Amrani,Ijara,255996.24,180,6.98,22,Valide,2023-04-25 16:41:50,AG-006
ENG-20232,CLI-10291,Amina Sbihi,Ijara,544656.55,120,8.15,84,Valide,2024-06-18 10:50:15,AG-010
ENG-20233,CLI-10217,Samira Bencheikh,Investissement PME,953809.23,84,8.79,57,Debloque,2024-01-02 15:17:38,AG-006
ENG-20234,CLI-10349,Abdellah Bencheikh,Ijara,269579.56,180,8.13,47,Debloque,2025-01-06 16:36:04,AG-001
ENG-20235,CLI-10203,Meryem Jai,Mourabaha Auto,405973.37,48,8.33,46,Debloque,2025-11-11 12:48:45,AG-006
ENG-20236,CLI-10126,Fatima Guedira,Mourabaha Auto,0,48,5.38,78,Contentieux,2025-01-23 10:41:59,AG-003
ENG-20237,CLI-10462,Ahmed Slaoui,Mourabaha Immo,717754.46,240,7.37,70,Debloque,2023-09-01 15:43:07,AG-007
ENG-20238,CLI-10417,Amina Sbihi,Ijara,427093.43,240,5.47,42,Debloque,2023-02-15 13:59:12,AG-003
ENG-20239,CLI-10114,Khadija Hakim,Mourabaha Auto,256391.76,48,4.55,58,Debloque,2024-04-16 13:02:17,AG-008
ENG-20240,CLI-10361,Fatima Balafrej,Mourabaha Auto,155171.89,36,3.54,70,Valide,2025-10-17 15:10:35,AG-009
ENG-20241,CLI-10379,Youssef Fassi-Fihri,Mourabaha Auto,207445.52,24,6.73,28,Valide,2024-09-24 12:12:54,AG-001
ENG-20242,CLI-10497,Mohamed Lamrani,Mourabaha Auto,202716.49,48,7.24,78,En analyse,2026-11-22 08:54:20,AG-006
ENG-20243,CLI-10209,Youssef Slaoui,Mourabaha Immo,353325.68,180,6.34,25,Surveillance,2024-01-09 14:34:28,AG-007
ENG-20244,CLI-10201,Mohamed Erraji,Mourabaha Immo,555816.12,120,8.34,23,Contentieux,2024-12-14 09:58:15,AG-005
ENG-20245,CLI-10169,Driss Sbihi,Mourabaha Immo,509779.32,180,5.88,23,Debloque,2025-05-08 09:30:15,AG-003
ENG-20246,CLI-10427,Driss Slaoui,Mourabaha Immo,,180,6.36,50,Surveillance,2026-02-21 15:37:07,AG-009
ENG-20247,CLI-10194,Hind Idrissi,Mourabaha Immo,481683.53,120,3.84,76,En analyse,2026-02-04 08:35:03,AG-006
ENG-20248,CLI-10196,Ahmed El Fassi,Ijara,284027.51,240,7.64,49,Surveillance,2023-08-13 15:50:27,AG-007
ENG-20249,CLI-10318,Amine Tazi,Mourabaha Immo,318727.38,120,6.0,62,Debloque,2023-02-01 17:45:04,AG-003
ENG-20250,CLI-10431,Noureddine El Amrani,Mourabaha Immo,284908.03,240,4.19,85,Valide,2026-08-24 17:28:11,AG-007
ENG-20251,CLI-10409,Noureddine El Fassi,Mourabaha Immo,666616.37,240,8.78,65,Valide,2024-03-16 12:38:21,AG-007
ENG-20252,CLI-10497,Mohamed Lamrani,Mourabaha Immo,830096.96,240,7.12,38,En analyse,2023-07-12 11:12:40,AG-006
ENG-20253,CLI-10403,Mehdi Kabbaj,Mourabaha Immo,821429.64,240,8.9,62,Surveillance,2025-10-10 14:21:10,AG-003
ENG-20254,CLI-10449,Samira Alaoui,Mourabaha Auto,267515.22,24,6.23,20,Debloque,2024-08-20 11:15:30,AG-007
ENG-20255,CLI-10488,Noureddine Kabbaj,Credit Tresorerie,386419.14,24,4.51,20,Debloque,2023-06-01 16:07:09,AG-004
ENG-20256,CLI-10100,Imane Hakim,Mourabaha Auto,150698.21,48,3.74,23,Valide,2025-03-08 12:46:11,AG-006
ENG-20257,CLI-10284,Noureddine Benjelloun,Mourabaha Immo,673509.11,180,8.51,22,Debloque,2024-07-21 09:21:59,AG-003
ENG-20258,CLI-10234,Hicham Hakim,Mourabaha Immo,1004327.15,180,7.13,87,Contentieux,2026-12-03 09:09:56,AG-002
ENG-20259,CLI-10407,Amine Berrada,Mourabaha Immo,298480.97,180,6.8,51,Surveillance,2024-09-10 10:20:15,AG-004
ENG-20260,CLI-10436,Omar Slaoui,Ijara,459014.05,240,8.37,46,Debloque,2026-11-20 09:10:32,AG-007
ENG-20261,CLI-10452,Noureddine Zniber,Mourabaha Auto,218616.48,60,4.48,67,Debloque,2026-12-16 15:17:37,AG-004
ENG-20262,CLI-10472,Leila Lamrani,Mourabaha Auto,256823.42,24,4.64,45,Debloque,2024-07-07 12:27:56,AG-010
ENG-20263,CLI-10081,Driss Fassi-Fihri,Investissement PME,1055375.33,48,7.63,57,Debloque,2025-04-19 08:29:32,AG-008
ENG-20264,CLI-10219,Soukaina Ouazzani,Ijara,374424.47,180,5.75,83,Valide,2026-01-06 15:14:16,AG-009
ENG-20265,CLI-10184,Khalid Lamrani,Credit Tresorerie,188337.59,36,7.04,55,Surveillance,2023-02-03 13:02:34,AG-009
ENG-20266,CLI-10101,Amine Idrissi,Mourabaha Auto,477067.62,48,5.16,55,Valide,2024-12-24 16:58:16,AG-007
ENG-20267,CLI-10422,Nadia Benjelloun,Mourabaha Immo,1136984.01,240,7.67,21,Debloque,2024-07-08 11:46:47,AG-010
ENG-20268,CLI-10120,Amina Bennani,Ijara,432095.73,240,7.67,79,Valide,2023-06-28 11:27:49,AG-010
ENG-20269,CLI-10214,Amine Benjelloun,Mourabaha Immo,285442.12,180,4.26,36,Valide,2023-08-26 13:21:14,AG-005
ENG-20270,CLI-10352,Leila Tazi,Mourabaha Auto,239382.79,48,5.29,22,Debloque,2023-03-05 13:36:40,AG-010
ENG-20271,CLI-10468,Rachid Sbihi,Mourabaha Auto,320150.92,36,8.72,28,Debloque,2024-08-04 13:36:28,AG-010
ENG-20272,CLI-10156,Hind Mouline,Mourabaha Immo,129121.28,120,7.21,42,En analyse,2026-01-06 11:04:58,AG-003
ENG-20273,CLI-10146,Omar Balafrej,Mourabaha Immo,564608.83,180,3.82,86,En analyse,2025-07-13 10:07:08,AG-010
ENG-20274,CLI-10245,Rachid Hakim,Mourabaha Auto,327082.58,60,8.75,46,Valide,2024-05-14 15:10:38,AG-005
ENG-20275,CLI-10159,Hind Mouline,Mourabaha Auto,154131.63,48,4.61,38,Debloque,2026-10-26 11:33:21,AG-006
ENG-20276,CLI-10451,Amine Berrada,Ijara,436100.87,180,6.67,31,Valide,2026-06-23 12:25:39,AG-001
ENG-20277,CLI-10436,Omar Slaoui,Mourabaha Immo,843266.13,240,5.88,69,Surveillance,2024-12-19 09:25:44,AG-007
ENG-20278,CLI-10123,Meryem Lamrani,Credit Tresorerie,870611.59,12,5.01,88,Valide,2023-12-24 11:58:31,AG-001
ENG-20279,CLI-10391,Ahmed El Amrani,Mourabaha Auto,267814.75,24,6.27,999,Debloque,2024-05-07 16:02:29,AG-010
ENG-20280,CLI-10176,Fatima Berrada,Mourabaha Auto,273966.74,36,5.68,21,Valide,2024-06-22 15:31:29,AG-007
ENG-20281,CLI-10125,Noureddine Lamrani,Mourabaha Auto,141583.89,48,8.13,41,Debloque,2023-03-10 09:34:47,AG-001
ENG-20282,CLI-10040,Driss Kabbaj,Mourabaha Auto,284420.86,24,7.23,39,Debloque,2024-04-23 08:57:43,AG-008
ENG-20283,CLI-10227,Khalid Erraji,Mourabaha Auto,227905.46,24,5.65,59,Debloque,2023-01-25 14:49:12,AG-004
ENG-20284,,Meryem Hakim,Credit Tresorerie,72002.79,12,4.0,73,En analyse,2023-06-27 11:43:42,AG-004
ENG-20285,CLI-10086,Zineb Balafrej,Mourabaha Auto,359366.82,48,5.27,44,Debloque,2026-07-04 11:13:06,AG-004
ENG-20286,CLI-10089,Noureddine El Amrani,Mourabaha Immo,499092.55,240,5.24,69,Valide,2024-02-22 12:41:39,AG-002
ENG-20287,CLI-10035,Said Fikri,Credit Tresorerie,78574.92,24,8.91,33,Debloque,2024-05-04 17:20:40,AG-006
ENG-20288,CLI-10348,Asmaa Balafrej,Investissement PME,1464511.71,48,5.33,60,Contentieux,2026-02-11 08:38:58,AG-001
ENG-20289,CLI-10196,Ahmed El Fassi,Ijara,371331.45,240,8.94,49,En analyse,2023-05-08 14:48:15,AG-007
ENG-20290,CLI-10031,Zineb Tazi,Mourabaha Immo,363667.94,180,5.13,39,Debloque,2023-04-24 17:28:47,AG-003
ENG-20291,CLI-10069,Hicham El Fassi,Mourabaha Immo,273291.91,240,7.85,73,Debloque,2025-01-08 13:21:15,AG-009
ENG-20292,CLI-10028,Ahmed Bennani,Credit Tresorerie,0,36,8.94,48,Debloque,2026-09-11 10:28:40,AG-006
ENG-20293,CLI-10489,Mehdi Erraji,Mourabaha Immo,526601.28,120,4.19,42,Debloque,2024-04-17 09:27:46,AG-003
ENG-20294,CLI-10085,Zineb Benjelloun,Mourabaha Auto,282053.23,36,5.83,51,Valide,2026-11-07 12:55:50,AG-008
ENG-20295,CLI-10487,Ahmed Jai,Investissement PME,879782.07,84,5.82,75,Debloque,2026-01-25 14:27:54,AG-007
ENG-20296,,Hind Fikri,Mourabaha Immo,638705.36,240,4.47,68,Debloque,2026-05-13 16:38:30,AG-008
ENG-20297,CLI-10241,Mehdi Berrada,Mourabaha Immo,646614.63,240,7.52,67,Debloque,2026-07-24 13:24:31,AG-002
ENG-20298,CLI-10302,Amine El Amrani,Mourabaha Immo,590793.3,120,8.96,35,Debloque,2024-04-25 14:16:49,AG-001
ENG-20299,CLI-10370,Abdellah El Amrani,Mourabaha Immo,527881.03,180,7.33,69,Surveillance,2024-04-16 08:58:52,AG-001
ENG-20300,CLI-10362,Khalid Erraji,Mourabaha Auto,133139.62,36,4.94,78,Surveillance,2024-05-08 17:37:42,AG-007
ENG-20301,CLI-10007,Abdellah El Amrani,Mourabaha Immo,863822.1,180,5.69,95,Contentieux,2023-09-07 14:10:53,AG-005
ENG-20302,CLI-10355,Zineb Jai,Mourabaha Immo,1081973.61,240,7.12,68,Debloque,2026-12-28 09:06:40,AG-005
ENG-20303,CLI-10409,Noureddine El Fassi,Mourabaha Immo,645992.35,240,5.69,59,En analyse,2024-08-01 09:04:49,AG-007
ENG-20304,CLI-10269,Meryem Sbihi,Ijara,832688.7,180,7.53,41,Valide,2024-12-05 11:31:11,AG-006
ENG-20305,CLI-10057,Imane El Fassi,Ijara,350262.5,120,7.62,44,Valide,2026-08-21 17:06:55,AG-010
ENG-20306,CLI-10041,Soukaina El Amrani,Mourabaha Immo,385735.4,180,4.19,28,Valide,2024-08-16 09:00:03,AG-010
ENG-20307,CLI-10490,Leila Hakim,Mourabaha Immo,68029.82,120,4.66,20,Debloque,2025-08-16 13:38:27,AG-004
ENG-20308,CLI-10350,Amine Tazi,Credit Tresorerie,95853.9,24,7.99,66,Debloque,2026-10-02 13:55:21,AG-005
ENG-20309,CLI-10002,Noureddine Jai,Ijara,452287.06,120,3.64,35,Surveillance,2025-12-25 11:23:28,AG-002
ENG-20310,CLI-10338,Meryem Kabbaj,Credit Tresorerie,50052.06,36,5.77,44,En analyse,2025-01-21 13:55:02,AG-003
ENG-20311,CLI-10377,Leila Tazi,Mourabaha Immo,446299.21,180,7.57,30,Valide,2026-11-28 09:46:24,AG-006
ENG-20312,CLI-10100,Imane Hakim,Mourabaha Auto,244351.62,24,4.2,31,Valide,2026-03-15 09:30:42,AG-006
ENG-20313,CLI-10125,Noureddine Lamrani,Mourabaha Immo,636301.23,120,4.08,23,Valide,2025-07-25 12:14:46,AG-001
ENG-20314,CLI-10244,Said Ouazzani,Investissement PME,574474.95,36,7.16,88,Debloque,2026-02-26 13:55:14,AG-002
ENG-20315,CLI-10393,Salma Benjelloun,Investissement PME,1921155.74,84,,91,Contentieux,2026-04-08 12:07:18,AG-002
ENG-20316,CLI-10380,Driss Tazi,Mourabaha Auto,306892.12,36,7.6,34,Debloque,2024-06-13 17:47:00,AG-010
ENG-20317,CLI-10303,Said Mouline,Ijara,480151.91,180,7.74,36,Debloque,2024-02-13 08:34:54,AG-001
ENG-20318,CLI-10075,Amina Mouline,Credit Tresorerie,20000,24,8.1,83,Debloque,2024-10-10 10:47:42,AG-008
ENG-20319,CLI-10424,Amina El Fassi,Mourabaha Auto,155265.89,24,5.0,93,Debloque,2024-08-10 14:03:51,AG-003
ENG-20320,CLI-10424,Amina El Fassi,Mourabaha Auto,167977.17,36,7.35,26,Surveillance,2024-08-24 14:19:52,AG-003
ENG-20321,CLI-10435,Nadia Zniber,Mourabaha Immo,598334.97,180,7.23,64,Debloque,2026-02-17 12:18:44,AG-003
ENG-20322,CLI-10359,Salma Sbihi,Credit Tresorerie,448313.07,24,4.04,61,Debloque,2023-12-10 15:41:10,AG-003
ENG-20323,CLI-10227,Khalid Erraji,Mourabaha Auto,262434.66,36,7.92,45,Debloque,2023-06-24 17:06:43,AG-004
ENG-20324,CLI-10440,Ahmed Sbihi,Mourabaha Immo,778984.2,180,7.24,41,Surveillance,2023-06-16 10:03:07,AG-009
ENG-20325,CLI-10333,Samira Mouline,Mourabaha Immo,396986.76,240,5.72,24,Valide,2026-08-10 17:11:41,AG-004
ENG-20326,CLI-10398,Mehdi Guedira,Mourabaha Auto,295160.38,24,7.78,68,Valide,2026-06-01 09:07:05,AG-001
ENG-20327,CLI-10329,Imane Alaoui,Mourabaha Auto,244402.44,60,5.01,32,Debloque,2024-07-16 14:19:36,AG-005
ENG-20328,CLI-10167,Hind Idrissi,Mourabaha Immo,448018.05,240,4.52,22,Debloque,2026-02-17 17:34:45,AG-009
ENG-20329,CLI-10334,Fatima Mouline,Mourabaha Immo,670726.25,120,4.49,43,En analyse,2026-06-04 08:08:36,AG-005
ENG-20330,CLI-10083,Asmaa Mouline,Mourabaha Immo,80702.87,180,8.18,24,En analyse,2023-09-10 13:34:10,AG-008
ENG-20331,CLI-10484,Youssef Hakim,Mourabaha Auto,350359.79,48,7.13,76,Valide,2026-12-11 16:58:22,AG-002
ENG-20332,CLI-10262,Abdellah Jai,Mourabaha Immo,562265.39,120,7.14,25,Valide,2024-03-10 11:08:38,AG-008
ENG-20333,CLI-10303,Said Mouline,Ijara,571967.01,120,6.52,53,Debloque,2024-07-15 09:16:43,AG-001
ENG-20334,CLI-10356,Ahmed Lamrani,Mourabaha Immo,1122287.17,120,3.89,54,Contentieux,2024-12-12 17:42:41,AG-007
ENG-20335,CLI-10310,Ahmed Berrada,Mourabaha Immo,675819.95,180,5.58,51,En analyse,2023-09-04 16:26:04,AG-003
ENG-20336,CLI-10046,Driss Jai,Ijara,268073.35,180,7.78,38,Surveillance,2024-05-01 09:24:14,AG-004
ENG-20337,CLI-10054,Khalid Bennani,Mourabaha Auto,447742.66,48,6.74,82,En analyse,2025-12-19 12:35:17,AG-010
ENG-20338,CLI-10460,Abdellah Idrissi,Mourabaha Immo,617030.88,180,8.71,69,Valide,2026-08-19 10:16:00,AG-008
ENG-20339,CLI-10366,Mehdi Benjelloun,Mourabaha Immo,957851.58,240,4.97,67,Debloque,2024-11-20 14:45:29,AG-002
ENG-20340,CLI-10182,Ahmed Ouazzani,Mourabaha Auto,290389.1,48,5.02,74,Debloque,2024-05-21 09:19:26,AG-001
ENG-20341,CLI-10433,Hassan Slaoui,Mourabaha Immo,884107.09,120,4.41,27,En analyse,2025-09-16 08:27:43,AG-005
ENG-20342,CLI-10375,Rachid El Amrani,Mourabaha Immo,528479.47,180,6.33,88,Debloque,2026-01-20 11:58:53,AG-004
ENG-20343,CLI-10366,Mehdi Benjelloun,Ijara,318233.98,240,7.14,87,Debloque,2023-10-15 10:43:59,AG-002
ENG-20344,CLI-10269,Meryem Sbihi,Credit Tresorerie,283990.76,12,3.91,37,Debloque,2023-07-16 14:10:23,AG-006
ENG-20345,CLI-10174,Samira Lamrani,Credit Tresorerie,210192.79,12,5.1,81,Valide,2024-01-24 17:25:13,AG-006
ENG-20346,CLI-10476,Samira Benjelloun,Investissement PME,2546808.44,36,8.64,82,En analyse,2023-10-15 13:19:22,AG-002
ENG-20347,CLI-10180,Fatima Hakim,Credit Tresorerie,372544.25,12,5.87,45,En analyse,2024-07-04 15:00:09,AG-008
ENG-20348,CLI-10129,Said Zniber,Mourabaha Immo,772287.22,180,5.56,66,Debloque,2024-09-26 12:06:28,AG-007
ENG-20349,CLI-10225,Amine Slaoui,Mourabaha Immo,329395.14,180,8.36,45,Valide,2025-01-05 14:26:47,AG-008
ENG-20350,CLI-10017,Amina Bennani,Mourabaha Immo,769628.16,120,8.72,54,Valide,2026-09-16 10:20:48,AG-002
ENG-20351,CLI-10452,Noureddine Zniber,Ijara,308469.02,180,4.22,33,Debloque,2024-03-12 16:00:49,AG-004
ENG-20352,CLI-10027,Leila Jai,Mourabaha Auto,113836.87,48,5.86,21,Debloque,2025-05-16 09:48:27,AG-009
ENG-20353,CLI-10079,Karim Jai,Mourabaha Auto,275115.96,24,8.25,51,Debloque,2026-04-16 09:44:46,AG-006
ENG-20354,CLI-10093,Hicham Mouline,Mourabaha Immo,787375.32,240,6.96,39,Valide,2024-07-02 12:12:59,AG-010
ENG-20355,CLI-10010,Amina Tazi,Mourabaha Auto,217411.02,60,,49,Valide,2026-08-02 16:27:41,AG-005
ENG-20356,CLI-10187,Imane Fassi-Fihri,Mourabaha Immo,539732.62,180,7.41,51,Valide,2023-03-02 08:03:42,AG-001
ENG-20357,CLI-10109,Youssef Sbihi,Mourabaha Immo,411409.2,180,4.52,82,Debloque,2025-02-04 08:43:35,AG-005
ENG-20358,CLI-10067,Zineb Mouline,Mourabaha Immo,868273.78,240,7.96,95,Debloque,2025-04-21 12:13:37,AG-002
ENG-20359,CLI-10455,Hind Kabbaj,Mourabaha Immo,310236.99,120,6.73,44,Valide,2026-02-03 16:39:21,AG-007
ENG-20360,CLI-10243,Khadija Guedira,Investissement PME,1056972.69,48,6.43,39,En analyse,2024-07-18 12:57:56,AG-002
ENG-20361,CLI-10434,Said Erraji,Credit Tresorerie,491621.63,24,6.96,35,Surveillance,2023-08-14 16:59:32,AG-002
ENG-20362,CLI-10086,Zineb Balafrej,Mourabaha Auto,312994.71,36,5.09,92,En analyse,2024-12-27 14:31:43,AG-004
ENG-20363,CLI-10263,Omar Bencheikh,Investissement PME,1921912.13,84,6.59,69,Debloque,2025-04-06 08:10:36,AG-005
ENG-20364,CLI-10357,Salma Alaoui,Mourabaha Immo,843123.28,240,6.0,87,Valide,2024-05-23 12:35:07,AG-010
ENG-20365,CLI-10024,Hassan Sbihi,Ijara,447595.62,180,8.6,54,Surveillance,2023-11-08 11:34:07,AG-004
ENG-20366,CLI-10310,Ahmed Berrada,Investissement PME,2299290.66,60,3.96,90,Valide,2024-07-20 12:20:03,AG-003
ENG-20367,CLI-10006,Amina Jai,Credit Tresorerie,524409.81,12,4.91,22,Debloque,2023-12-24 14:41:16,AG-006
ENG-20368,CLI-10325,Karim Lamrani,Mourabaha Auto,544199.87,36,7.99,48,Valide,2024-10-21 14:09:28,AG-004
ENG-20369,CLI-10372,Asmaa El Fassi,Ijara,502127.6,180,4.5,43,Debloque,2024-04-19 15:46:11,AG-009
ENG-20370,CLI-10011,Soukaina El Amrani,Mourabaha Immo,822523.08,120,8.0,44,En analyse,2023-07-08 15:58:41,AG-006
ENG-20371,CLI-10052,Zineb Kabbaj,Mourabaha Auto,235690.33,24,6.82,68,Debloque,2023-01-25 08:08:15,AG-003
ENG-20372,CLI-10138,Ahmed El Amrani,Mourabaha Immo,853110.16,240,6.8,,Contentieux,2023-09-24 13:54:45,AG-006
ENG-20373,CLI-10389,Asmaa El Amrani,Mourabaha Auto,266688.64,48,6.13,51,En analyse,2025-11-18 09:01:52,AG-005
ENG-20374,CLI-10053,Mohamed Sbihi,Ijara,452215.83,180,4.28,48,En analyse,2026-07-05 13:41:18,AG-001
ENG-20375,CLI-10451,Amine Berrada,Mourabaha Auto,221059.23,24,6.21,34,Valide,2025-06-03 17:21:07,AG-001
ENG-20376,CLI-10474,Said Tazi,Credit Tresorerie,97066.62,12,6.82,42,Debloque,2025-10-06 14:09:57,AG-003
ENG-20377,CLI-10155,Meryem Zniber,Mourabaha Auto,148664.64,48,8.54,67,Surveillance,2023-01-28 10:49:41,AG-006
ENG-20378,CLI-10076,Asmaa Zniber,Ijara,837478.84,240,7.88,81,Debloque,2023-10-14 12:09:05,AG-010
ENG-20379,CLI-10066,Hicham Fikri,Mourabaha Immo,398141.75,180,6.15,72,Debloque,2025-03-26 11:24:26,AG-003
ENG-20380,CLI-10276,Hind Fikri,Ijara,486995.22,240,6.45,49,Debloque,2026-09-19 11:44:05,AG-008
ENG-20381,CLI-10002,Noureddine Jai,Mourabaha Immo,783313.07,180,8.77,34,En analyse,2025-06-28 10:18:29,AG-002
ENG-20382,CLI-10437,Samira Mouline,Mourabaha Auto,141573.24,60,4.83,48,En analyse,2024-02-23 10:24:46,AG-008
ENG-20383,CLI-10028,Ahmed Bennani,Mourabaha Auto,175257.9,36,3.67,66,Valide,2024-02-01 17:53:52,AG-006
ENG-20384,CLI-10392,Mohamed Slaoui,Mourabaha Immo,426540.91,240,4.27,87,Debloque,2025-08-14 13:28:50,AG-001
ENG-20385,CLI-10007,Abdellah El Amrani,Mourabaha Immo,871621.58,120,6.82,42,Debloque,2023-07-27 14:43:56,AG-005
ENG-20386,CLI-10365,Mohamed Erraji,Credit Tresorerie,529173.43,36,6.26,49,Debloque,2024-05-03 16:24:08,AG-009
ENG-20387,CLI-10206,Hind Sbihi,Mourabaha Auto,272889.39,24,7.99,79,Debloque,2026-07-06 08:51:23,AG-008
ENG-20388,CLI-10100,Imane Hakim,Mourabaha Immo,616251.21,120,3.93,62,En analyse,2025-03-18 09:04:13,AG-006
ENG-20389,CLI-10388,Amina Lamrani,Credit Tresorerie,406068.2,12,4.82,30,Contentieux,2023-10-26 15:02:03,AG-010
ENG-20390,CLI-10484,Youssef Hakim,Mourabaha Immo,760319.19,180,7.63,70,Debloque,2025-07-24 13:08:44,AG-002
ENG-20391,,Meryem Guedira,Ijara,376469.6,120,3.63,68,Debloque,2023-05-06 10:43:29,AG-010
ENG-20392,CLI-10119,Meryem Jai,Credit Tresorerie,184703.94,36,7.1,40,Contentieux,2025-08-26 10:21:18,AG-010
ENG-20393,CLI-10439,Khalid Slaoui,Investissement PME,1698700.18,84,4.82,29,Contentieux,2026-02-26 08:09:49,AG-009
ENG-20394,CLI-10281,Ahmed Ouazzani,Credit Tresorerie,305099.25,12,6.24,78,Valide,2025-03-03 12:36:23,AG-005
ENG-20395,CLI-10037,Soukaina Erraji,Mourabaha Immo,465922.28,180,8.88,76,Debloque,2024-02-19 15:02:23,AG-010
ENG-20396,CLI-10206,Hind Sbihi,Ijara,313756.79,240,8.54,36,Debloque,2025-06-03 14:32:28,AG-008
ENG-20397,CLI-10449,Samira Alaoui,Investissement PME,2403468.31,36,7.58,51,Debloque,2023-03-28 09:18:24,AG-007
ENG-20398,CLI-10205,Mehdi Fikri,Credit Tresorerie,327544.22,12,5.64,79,Debloque,2025-08-15 16:57:52,AG-010
ENG-20399,CLI-10044,Imane Fassi-Fihri,Mourabaha Immo,1093012.19,180,7.73,45,Debloque,2023-06-11 17:31:13,AG-009
ENG-20400,CLI-10244,Said Ouazzani,Mourabaha Immo,1194480.1,180,3.71,39,Surveillance,2024-11-07 13:36:02,AG-002
ENG-20401,CLI-10397,Leila Erraji,Ijara,690183.95,180,8.88,47,En analyse,2023-11-14 12:16:40,AG-002
ENG-20402,CLI-10073,Imane Balafrej,Mourabaha Immo,684267.54,180,3.95,77,Surveillance,2024-11-09 10:53:03,AG-007
ENG-20403,CLI-10494,Salma Balafrej,Mourabaha Auto,403112.9,60,6.15,88,Debloque,2024-12-14 13:58:44,AG-001
ENG-20404,CLI-10422,Nadia Benjelloun,Mourabaha Immo,987096.72,240,4.59,94,Debloque,2025-11-27 13:00:09,AG-010
ENG-20405,,Mehdi Fikri,Mourabaha Immo,564936.67,240,5.74,86,Debloque,2026-03-21 15:40:37,AG-008
ENG-20406,CLI-10097,Samira Fikri,Ijara,344528.58,240,7.76,68,Valide,2024-04-22 17:00:23,AG-004
ENG-20407,CLI-10009,Hassan Idrissi,Mourabaha Immo,517486.49,120,7.35,78,Debloque,2025-06-27 16:27:33,AG-008
ENG-20408,CLI-10172,Omar Erraji,Mourabaha Immo,946378.73,120,6.02,67,Valide,2024-09-14 14:18:54,AG-004
ENG-20409,CLI-10349,Abdellah Bencheikh,Ijara,428043.39,120,8.97,33,En analyse,2023-10-14 09:31:47,AG-001
ENG-20410,CLI-10475,Noureddine El Fassi,Ijara,634444.97,240,5.94,94,Debloque,2025-07-07 11:49:29,AG-002
ENG-20411,CLI-10059,Salma Slaoui,Mourabaha Immo,498769.8,180,5.77,70,En analyse,2025-04-17 12:17:56,AG-005
ENG-20412,CLI-10158,Zineb Alaoui,Credit Tresorerie,220285.53,24,7.2,20,Surveillance,2026-01-01 08:09:50,AG-006
ENG-20413,CLI-10419,Soukaina Zniber,Ijara,392792.16,120,8.78,75,Valide,2026-04-20 14:53:03,AG-001
ENG-20414,CLI-10296,Khadija Fikri,Ijara,269096.19,240,5.65,42,Debloque,2025-09-06 14:14:06,AG-001
ENG-20415,CLI-10065,Khalid Mouline,Ijara,221899.39,240,8.54,90,Valide,2025-04-03 09:01:27,AG-005
ENG-20416,CLI-10015,Leila El Fassi,Mourabaha Auto,117596.68,24,6.64,23,Debloque,2024-08-21 13:11:15,AG-001
ENG-20417,CLI-10114,Khadija Hakim,Mourabaha Immo,589766.28,180,7.74,26,Valide,2024-11-01 17:55:06,AG-008
ENG-20418,CLI-10475,Noureddine El Fassi,Mourabaha Auto,177566.26,24,4.28,53,Surveillance,2023-02-16 13:58:53,AG-002
ENG-20419,,Zineb Kabbaj,Ijara,595512.04,240,3.92,73,Debloque,2025-11-15 10:11:19,AG-003
ENG-20420,CLI-10291,Amina Sbihi,Mourabaha Auto,305161.46,24,4.14,63,Contentieux,2026-10-20 16:00:10,AG-010
ENG-20421,CLI-10131,Youssef Jai,Investissement PME,1157282.69,36,6.35,39,Valide,2025-02-07 08:20:08,AG-004
ENG-20422,CLI-10373,Amine Fassi-Fihri,Mourabaha Auto,295180.72,36,4.97,81,Valide,2023-06-23 16:41:18,AG-007
ENG-20423,CLI-10415,Meryem Kabbaj,Ijara,261322.18,120,4.88,45,Debloque,2025-07-04 17:50:49,AG-007
ENG-20424,CLI-10085,Zineb Benjelloun,Mourabaha Auto,267934.71,60,5.88,77,Debloque,2025-06-20 09:38:24,AG-008
ENG-20425,CLI-10291,Amina Sbihi,Ijara,746782.02,180,4.42,24,Contentieux,2025-10-14 12:38:52,AG-010
ENG-20426,CLI-10487,Ahmed Jai,Investissement PME,993787.07,60,5.69,34,Valide,2025-07-26 10:22:15,AG-007
ENG-20427,CLI-10075,Amina Mouline,Mourabaha Auto,300379.99,24,7.44,47,Debloque,2025-04-18 09:24:18,AG-008
ENG-20428,CLI-10270,Abdellah El Amrani,Mourabaha Immo,938278.9,240,5.03,29,Debloque,2026-11-25 14:20:52,AG-004
ENG-20429,CLI-10101,Amine Idrissi,Mourabaha Immo,645753.14,180,5.82,35,Debloque,2025-10-13 11:36:01,AG-007
ENG-20430,CLI-10330,Hassan Erraji,Mourabaha Auto,175660.59,24,8.51,56,Valide,2026-01-18 16:02:21,AG-010
ENG-20431,CLI-10036,Hind Guedira,Ijara,379768.46,180,5.01,64,Debloque,2025-08-20 08:25:19,AG-001
ENG-20432,CLI-10233,Asmaa Fikri,Ijara,184658.94,240,8.82,35,Debloque,2023-01-08 08:52:00,AG-005
ENG-20433,CLI-10166,Fatima Balafrej,Credit Tresorerie,395768.08,12,4.55,67,Debloque,2023-12-28 08:16:56,AG-002
ENG-20434,CLI-10057,Imane El Fassi,Mourabaha Immo,435658.59,180,3.91,62,Debloque,2026-05-23 10:59:08,AG-010
ENG-20435,CLI-10062,Mohamed Slaoui,Mourabaha Immo,979514.95,180,7.0,35,Debloque,2024-10-16 15:17:20,AG-004
ENG-20436,CLI-10248,Samira Fassi-Fihri,Mourabaha Immo,0,180,7.71,30,Debloque,2024-11-21 11:44:04,AG-004
ENG-20437,CLI-10109,Youssef Sbihi,Mourabaha Immo,644126.36,120,6.18,63,Valide,2025-05-23 15:41:09,AG-005
ENG-20438,CLI-10055,Samira Lamrani,Credit Tresorerie,599413.65,12,8.54,69,Contentieux,2024-07-07 09:17:27,AG-002
ENG-20439,CLI-10158,Zineb Alaoui,Investissement PME,1100565.04,84,8.32,34,Valide,2026-03-09 08:30:42,AG-006
ENG-20440,CLI-10181,Soukaina Mouline,Mourabaha Immo,556707.19,240,3.96,75,Valide,2026-09-14 16:21:03,AG-005
ENG-20441,CLI-10190,Fatima Alaoui,Mourabaha Immo,406959.23,180,4.57,44,Debloque,2025-09-20 15:33:27,AG-003
ENG-20442,CLI-10026,Abdellah Benjelloun,Mourabaha Auto,145633.56,24,4.71,26,Surveillance,2025-04-03 16:06:17,AG-005
ENG-20443,CLI-10318,Amine Tazi,Mourabaha Auto,184021.87,36,7.54,54,Debloque,2024-04-12 12:45:38,AG-003
ENG-20444,CLI-10002,Noureddine Jai,Mourabaha Immo,605850.69,240,8.49,81,Debloque,2024-03-11 09:10:11,AG-002
ENG-20445,CLI-10234,Hicham Hakim,Mourabaha Immo,1074038.02,180,3.61,53,Surveillance,2024-11-25 08:38:22,AG-002
ENG-20446,CLI-10299,Soukaina Alaoui,Mourabaha Immo,618136.83,120,6.1,25,Debloque,2025-04-17 16:10:48,AG-003
ENG-20447,CLI-10049,Noureddine Mouline,Mourabaha Immo,627082.27,180,7.54,89,Valide,2026-05-12 15:00:52,AG-001
ENG-20448,CLI-10364,Imane Idrissi,Mourabaha Immo,364979.47,240,7.76,81,Valide,2023-03-14 11:42:09,AG-003
ENG-20449,CLI-10016,Driss Benjelloun,Mourabaha Immo,740499.9,180,4.63,31,Valide,2026-11-04 12:56:40,AG-007
ENG-20450,CLI-10461,Zineb Jai,Credit Tresorerie,20000,36,4.46,64,Surveillance,2026-10-14 12:19:12,AG-008
ENG-20451,CLI-10176,Fatima Berrada,Credit Tresorerie,393065.08,36,8.82,64,Valide,2023-08-22 10:29:43,AG-007
ENG-20452,CLI-10495,Hind Mouline,Mourabaha Immo,806222.27,240,7.15,58,Debloque,2023-05-01 15:02:13,AG-004
ENG-20453,CLI-10304,Hind Fikri,Mourabaha Immo,637833.37,180,7.13,20,En analyse,2024-06-10 16:42:49,AG-008
ENG-20454,CLI-10489,Mehdi Erraji,Mourabaha Immo,571401.84,180,4.28,45,Debloque,2023-05-08 08:30:59,AG-003
ENG-20455,CLI-10416,Imane Sbihi,Mourabaha Auto,226821.85,24,8.41,58,Debloque,2024-10-14 13:51:37,AG-005
ENG-20456,CLI-10394,Hind Berrada,Mourabaha Immo,695693.22,120,5.79,45,Valide,2023-05-19 15:34:11,AG-005
ENG-20457,CLI-10449,Samira Alaoui,Credit Tresorerie,360830.6,36,5.22,65,Debloque,2026-08-14 14:29:01,AG-007
ENG-20458,CLI-10014,Imane Mouline,Investissement PME,1846993.19,84,3.99,37,Debloque,2025-04-19 16:23:08,AG-007
ENG-20459,CLI-10461,Zineb Jai,Mourabaha Auto,149724.32,60,4.19,20,Debloque,2026-01-03 08:17:53,AG-008
ENG-20460,CLI-10055,Samira Lamrani,Mourabaha Immo,646264.17,120,8.02,92,Debloque,2025-01-04 17:43:32,AG-002
ENG-20461,CLI-10028,Ahmed Bennani,Mourabaha Auto,206827.66,60,4.25,39,Valide,2025-12-01 15:39:44,AG-006
ENG-20462,CLI-10035,Said Fikri,Mourabaha Immo,430336.73,240,8.34,86,En analyse,2024-02-16 08:53:32,AG-006
ENG-20463,CLI-10029,Hassan Fassi-Fihri,Investissement PME,1719375.65,48,8.01,89,Valide,2026-11-20 09:27:09,AG-003
ENG-20464,CLI-10095,Zineb Hakim,Mourabaha Immo,655002.44,240,7.12,41,Debloque,2024-08-16 12:18:42,AG-004
ENG-20465,CLI-10302,Amine El Amrani,Ijara,277204.96,240,7.9,79,Debloque,2026-03-01 12:29:07,AG-001
ENG-20466,CLI-10006,Amina Jai,Mourabaha Auto,153613.05,24,7.05,76,En analyse,2025-03-15 15:17:00,AG-006
ENG-20467,CLI-10184,Khalid Lamrani,Ijara,512926.54,240,6.39,85,En analyse,2024-06-21 17:21:29,AG-009
ENG-20468,CLI-10403,Mehdi Kabbaj,Mourabaha Immo,519261.05,240,5.17,70,En analyse,2026-07-16 17:42:11,AG-003
ENG-20469,CLI-10475,Noureddine El Fassi,Ijara,252797.16,240,5.28,94,Valide,2026-02-02 08:54:46,AG-002
ENG-20470,CLI-10050,Hicham Mouline,Mourabaha Auto,277064.75,60,8.64,80,Valide,2024-12-26 11:06:57,AG-004
ENG-20471,CLI-10373,Amine Fassi-Fihri,Credit Tresorerie,244574.81,12,3.84,52,Valide,2023-08-25 13:38:40,AG-007
ENG-20472,CLI-10473,Leila Ouazzani,Mourabaha Immo,391366.87,120,7.34,68,Valide,2024-04-09 15:28:43,AG-005
ENG-20473,CLI-10104,Abdellah Berrada,Mourabaha Auto,160195.97,36,3.97,23,Debloque,2023-04-02 10:57:00,AG-009
ENG-20474,CLI-10209,Youssef Slaoui,Mourabaha Auto,347389.19,24,5.37,87,Debloque,2024-10-27 15:32:22,AG-007
ENG-20475,CLI-10461,Zineb Jai,Mourabaha Auto,269319.47,60,6.94,29,Debloque,2024-09-10 09:07:31,AG-008
ENG-20476,CLI-10308,Asmaa Fassi-Fihri,Ijara,464745.73,120,4.73,57,Surveillance,2025-07-23 13:04:55,AG-010
ENG-20477,CLI-10496,Omar Idrissi,Mourabaha Immo,454795.59,240,8.62,84,Valide,2023-09-23 09:37:30,AG-009
ENG-20478,CLI-10135,Imane Alaoui,Mourabaha Auto,201652.12,24,5.36,53,Valide,2023-03-07 16:52:46,AG-008
ENG-20479,CLI-10388,Amina Lamrani,Mourabaha Auto,321542.35,24,7.93,92,Surveillance,2023-06-03 14:38:47,AG-010
ENG-20480,CLI-10042,Youssef Bennani,Credit Tresorerie,156702.99,24,8.71,54,Debloque,2023-01-16 16:14:41,AG-001
ENG-20481,CLI-10245,Rachid Hakim,Mourabaha Immo,913081.94,120,8.62,23,Debloque,2024-09-20 14:43:43,AG-005
ENG-20482,CLI-10283,Fatima Idrissi,Ijara,76097.73,180,7.71,36,Debloque,2026-09-05 09:28:07,AG-004
ENG-20483,CLI-10463,Khadija Kabbaj,Ijara,478493.35,120,4.81,31,Debloque,2024-07-24 16:36:02,AG-006
ENG-20484,CLI-10008,Mohamed Lamrani,Credit Tresorerie,383093.8,12,7.97,29,En analyse,2026-03-10 08:20:22,AG-006
ENG-20485,CLI-10456,Zineb Bennani,Mourabaha Immo,422482.38,180,7.12,29,En analyse,2024-08-23 13:57:58,AG-008
ENG-20486,CLI-10228,Meryem Mouline,Mourabaha Auto,355351.46,48,7.79,57,Surveillance,2024-09-09 13:44:34,AG-008
ENG-20487,CLI-10028,Ahmed Bennani,Mourabaha Immo,175282.07,180,5.04,46,Surveillance,2024-05-24 16:13:07,AG-006
ENG-20488,CLI-10418,Khalid Fikri,Mourabaha Auto,265690.83,24,8.88,76,Debloque,2026-02-01 15:53:02,AG-004
ENG-20489,CLI-10302,Amine El Amrani,Ijara,450849.09,180,8.2,69,Debloque,2026-07-15 08:14:13,AG-001
ENG-20490,CLI-10338,Meryem Kabbaj,Ijara,240967.22,120,7.13,24,Debloque,2025-01-20 13:59:53,AG-003
ENG-20491,CLI-10415,Meryem Kabbaj,Mourabaha Auto,355503.33,60,8.26,27,Debloque,2026-12-22 12:54:34,AG-007
ENG-20492,CLI-10294,Omar Mouline,Mourabaha Auto,228160.32,48,4.39,68,Debloque,2024-03-01 12:51:43,AG-006
ENG-20493,CLI-10044,Imane Fassi-Fihri,Investissement PME,2022772.92,84,3.71,55,Debloque,2025-11-26 17:00:07,AG-009
ENG-20494,CLI-10339,Asmaa El Amrani,Mourabaha Immo,303798.16,180,8.16,76,Debloque,2026-01-15 08:22:30,AG-003
ENG-20495,CLI-10285,Soukaina Kabbaj,Mourabaha Immo,832897.77,180,8.43,90,Valide,2023-08-06 12:49:50,AG-004
ENG-20496,CLI-10445,Noureddine Balafrej,Ijara,527598.42,120,6.97,38,Surveillance,2023-04-04 08:11:43,AG-007
ENG-20497,CLI-10226,Said Alaoui,Mourabaha Auto,484617.42,24,,53,Contentieux,2023-11-28 13:34:45,AG-010
ENG-20498,CLI-10056,Soukaina Ouazzani,Mourabaha Immo,819415.56,180,4.12,29,Valide,2025-10-12 14:04:41,AG-007
ENG-20499,CLI-10145,Amine Bencheikh,Mourabaha Immo,524402.17,180,8.86,67,Debloque,2025-10-01 10:23:02,AG-010
ENG-20500,CLI-10077,Driss Jai,Credit Tresorerie,534292.12,12,4.08,47,Debloque,2025-04-13 17:02:42,AG-003
ENG-20501,CLI-10196,Ahmed El Fassi,Mourabaha Auto,132021.07,36,6.61,93,Debloque,2026-09-24 09:54:56,AG-007
ENG-20502,CLI-10027,Leila Jai,Mourabaha Auto,89295.06,60,5.24,44,Debloque,2025-04-11 11:51:49,AG-009
ENG-20503,CLI-10119,Meryem Jai,Ijara,399154.37,120,5.95,72,Debloque,2025-09-17 09:58:23,AG-010
ENG-20504,CLI-10310,Ahmed Berrada,Mourabaha Immo,526003.15,180,4.76,36,Surveillance,2024-07-22 17:42:08,AG-003
ENG-20505,CLI-10408,Asmaa El Amrani,Mourabaha Immo,482627.43,180,6.28,38,Debloque,2024-03-15 08:10:07,AG-001
ENG-20506,CLI-10392,Mohamed Slaoui,Mourabaha Auto,196258.9,60,7.59,36,Surveillance,2026-01-23 10:04:08,AG-001
ENG-20507,CLI-10272,Imane Alaoui,Credit Tresorerie,457253.54,24,7.33,50,Debloque,2023-06-27 13:37:38,AG-010
ENG-20508,CLI-10370,Abdellah El Amrani,Mourabaha Immo,691772.0,240,8.56,77,Surveillance,2026-12-27 14:18:48,AG-001
ENG-20509,CLI-10069,Hicham El Fassi,Mourabaha Auto,302175.28,24,4.34,20,Debloque,2025-11-21 15:24:20,AG-009
ENG-20510,CLI-10261,Meryem Fassi-Fihri,Mourabaha Auto,159157.92,48,8.7,32,Valide,2026-06-02 17:33:57,AG-002
ENG-20511,CLI-10261,Meryem Fassi-Fihri,Credit Tresorerie,190431.15,24,7.67,38,En analyse,2024-07-17 12:36:56,AG-002
ENG-20512,CLI-10051,Samira Sbihi,Mourabaha Immo,576720.1,120,4.15,55,Debloque,2024-03-10 12:38:48,AG-001
ENG-20513,CLI-10119,Meryem Jai,Mourabaha Auto,199115.51,36,3.65,25,Contentieux,2024-01-16 08:23:13,AG-010
ENG-20514,CLI-10486,Mohamed Mouline,Mourabaha Auto,409055.21,60,6.36,78,Valide,2023-12-23 09:28:56,AG-004
ENG-20515,CLI-10135,Imane Alaoui,Mourabaha Immo,987650.2,240,4.14,65,Debloque,2024-12-03 13:10:32,AG-008
ENG-20516,CLI-10233,Asmaa Fikri,Mourabaha Auto,313915.1,24,7.39,60,Surveillance,2023-07-04 16:20:12,AG-005
ENG-20517,CLI-10339,Asmaa El Amrani,Credit Tresorerie,55698.69,36,3.54,37,Debloque,2024-11-07 12:30:09,AG-003
ENG-20518,CLI-10096,Mehdi Fassi-Fihri,Mourabaha Auto,77682.68,48,4.22,31,Contentieux,2024-01-14 09:31:35,AG-005
ENG-20519,CLI-10364,Imane Idrissi,Mourabaha Immo,463936.32,180,6.97,50,Debloque,2026-09-22 10:56:19,AG-003
ENG-20520,CLI-10449,Samira Alaoui,Mourabaha Immo,643020.83,180,6.2,70,Debloque,2026-05-04 11:07:56,AG-007
ENG-20521,CLI-10392,Mohamed Slaoui,Mourabaha Immo,1006430.98,240,5.84,42,Debloque,2025-11-04 13:44:25,AG-001
ENG-20522,CLI-10397,Leila Erraji,Credit Tresorerie,274537.36,24,6.81,50,En analyse,2025-09-07 14:03:35,AG-002
ENG-20523,CLI-10134,Driss Kabbaj,Mourabaha Auto,139136.65,60,5.69,26,Valide,2024-06-21 08:19:28,AG-001
ENG-20524,CLI-10294,Omar Mouline,Credit Tresorerie,0,36,4.63,34,Surveillance,2025-03-20 16:01:46,AG-006
ENG-20525,CLI-10400,Salma Sbihi,Mourabaha Auto,311337.43,24,7.1,86,Valide,2024-03-27 16:25:55,AG-004
ENG-20526,CLI-10149,Imane Benjelloun,Credit Tresorerie,116118.01,24,5.32,47,Debloque,2024-01-02 08:48:33,AG-003
ENG-20527,CLI-10204,Ahmed Bencheikh,Mourabaha Auto,328626.72,24,4.77,51,En analyse,2023-07-21 14:08:52,AG-002
ENG-20528,CLI-10139,Nadia Bencheikh,Credit Tresorerie,249099.53,12,3.91,73,En analyse,2024-02-24 17:50:25,AG-003
ENG-20529,CLI-10311,Hassan Balafrej,Credit Tresorerie,317500.79,36,3.63,55,Debloque,2023-05-21 17:30:24,AG-008
ENG-20530,CLI-10048,Hassan Guedira,Mourabaha Immo,414273.35,180,6.59,81,Valide,2024-07-01 15:46:25,AG-007
ENG-20531,CLI-10391,Ahmed El Amrani,Ijara,579654.84,120,5.69,49,Debloque,2026-10-04 12:21:09,AG-010
ENG-20532,CLI-10500,Asmaa Ouazzani,Mourabaha Immo,586187.2,240,4.43,82,Debloque,2023-03-13 17:53:30,AG-008
ENG-20533,CLI-10430,Ahmed Alaoui,Mourabaha Auto,291558.53,48,5.77,63,Debloque,2023-06-23 17:38:26,AG-006
ENG-20534,CLI-10138,Ahmed El Amrani,Mourabaha Auto,424380.79,60,6.5,60,Contentieux,2024-06-15 15:32:35,AG-006
ENG-20535,CLI-10376,Zineb Hakim,Mourabaha Immo,718182.49,180,4.2,999,Valide,2023-03-07 15:55:07,AG-006
ENG-20536,CLI-10088,Abdellah Slaoui,Mourabaha Auto,309733.46,60,4.27,90,Debloque,2023-05-04 14:18:46,AG-008
ENG-20537,CLI-10347,Hassan Hakim,Mourabaha Immo,498687.51,240,7.08,38,Valide,2024-10-23 13:33:38,AG-009
ENG-20538,CLI-10237,Zineb Erraji,Mourabaha Immo,684001.63,180,8.6,37,Valide,2026-01-11 14:11:09,AG-001
ENG-20539,CLI-10003,Rachid Benjelloun,Mourabaha Immo,860977.29,240,6.02,32,En analyse,2026-10-06 09:22:40,AG-004
ENG-20540,CLI-10116,Rachid Fikri,Mourabaha Immo,1061407.11,120,8.6,55,Valide,2026-10-24 12:23:39,AG-003
ENG-20541,CLI-10479,Mehdi Fikri,Mourabaha Immo,268744.69,120,6.76,33,Debloque,2025-03-09 17:06:08,AG-008
ENG-20542,CLI-10301,Fatima Balafrej,Mourabaha Auto,220075.39,60,5.32,95,Debloque,2026-04-06 08:50:14,AG-009
ENG-20543,CLI-10047,Rachid Erraji,Investissement PME,1097594.49,84,8.31,61,En analyse,2023-03-17 15:27:42,AG-006
ENG-20544,CLI-10155,Meryem Zniber,Ijara,482792.69,120,4.82,70,Debloque,2026-12-16 13:19:53,AG-006
ENG-20545,CLI-10272,Imane Alaoui,Mourabaha Immo,490563.99,120,8.7,55,Debloque,2026-09-15 15:44:50,AG-010
ENG-20546,CLI-10062,Mohamed Slaoui,Mourabaha Auto,172701.55,60,7.09,42,En analyse,2025-08-25 13:46:27,AG-004
ENG-20547,CLI-10287,Khalid Slaoui,Credit Tresorerie,385757.21,24,4.48,21,Valide,2025-09-07 08:37:19,AG-010
ENG-20548,CLI-10467,Omar Guedira,Ijara,459262.75,180,6.27,21,Debloque,2023-11-09 15:25:02,AG-008
ENG-20549,CLI-10361,Fatima Balafrej,Mourabaha Immo,179247.86,120,8.25,80,Contentieux,2026-08-06 15:47:55,AG-009
ENG-20550,CLI-10280,Youssef El Amrani,Credit Tresorerie,20000,12,5.53,39,Debloque,2024-03-03 14:53:54,AG-005
ENG-20551,CLI-10228,Meryem Mouline,Mourabaha Auto,311838.14,48,8.91,44,Debloque,2023-06-27 13:57:45,AG-008
ENG-20552,CLI-10301,Fatima Balafrej,Mourabaha Auto,197871.51,48,6.34,71,Debloque,2023-02-07 16:09:46,AG-009
ENG-20553,CLI-10089,Noureddine El Amrani,Ijara,288042.41,240,5.75,20,Valide,2025-02-11 15:36:53,AG-002
ENG-20554,CLI-10290,Mohamed Jai,Investissement PME,1554241.76,36,4.14,31,Valide,2023-03-11 17:40:01,AG-004
ENG-20555,CLI-10404,Ahmed Guedira,Mourabaha Immo,638686.26,240,8.69,59,Debloque,2024-12-25 10:19:03,AG-005
ENG-20556,CLI-10147,Hassan Tazi,Mourabaha Immo,409145.41,120,6.61,72,Valide,2024-05-07 10:18:16,AG-005
ENG-20557,CLI-10136,Ahmed Kabbaj,Mourabaha Immo,410816.1,240,6.38,41,En analyse,2026-03-18 17:13:44,AG-002
ENG-20558,CLI-10331,Abdellah Erraji,Credit Tresorerie,309450.07,24,4.64,84,Debloque,2025-02-17 11:16:13,AG-004
ENG-20559,CLI-10017,Amina Bennani,Investissement PME,1037268.44,84,4.27,95,Valide,2026-11-19 08:20:44,AG-002
ENG-20560,CLI-10184,Khalid Lamrani,Credit Tresorerie,235769.45,12,4.37,80,Valide,2023-03-12 12:10:29,AG-009
ENG-20561,CLI-10386,Fatima El Amrani,Mourabaha Immo,646276.31,240,7.32,71,Debloque,2024-05-24 13:38:21,AG-001
ENG-20562,CLI-10206,Hind Sbihi,Mourabaha Immo,374559.74,120,7.7,84,Valide,2026-05-19 14:37:01,AG-008
ENG-20563,CLI-10086,Zineb Balafrej,Investissement PME,3224877.79,48,8.73,92,Debloque,2024-11-11 08:05:19,AG-004
ENG-20564,CLI-10073,Imane Balafrej,Credit Tresorerie,45820.68,24,5.68,78,En analyse,2024-04-06 12:19:05,AG-007
ENG-20565,CLI-10440,Ahmed Sbihi,Mourabaha Immo,799080.99,240,6.55,67,En analyse,2024-06-04 15:35:43,AG-009
ENG-20566,CLI-10109,Youssef Sbihi,Credit Tresorerie,378335.19,36,5.57,79,Debloque,2023-07-05 13:48:59,AG-005
ENG-20567,CLI-10396,Samira Fassi-Fihri,Mourabaha Immo,699313.07,180,6.78,88,En analyse,2026-11-24 17:01:14,AG-005
ENG-20568,CLI-10092,Amine Guedira,Mourabaha Auto,275477.53,48,5.49,84,Debloque,2026-02-21 11:08:31,AG-003
ENG-20569,CLI-10109,Youssef Sbihi,Mourabaha Immo,535032.02,120,5.84,56,Valide,2026-01-09 14:11:10,AG-005
ENG-20570,CLI-10265,Hind El Amrani,Credit Tresorerie,495752.58,24,7.93,64,Debloque,2023-11-28 14:51:51,AG-003
ENG-20571,CLI-10295,Imane Guedira,Ijara,371522.24,240,8.78,71,Debloque,2023-05-14 12:47:40,AG-005
ENG-20572,CLI-10414,Hassan Zniber,Credit Tresorerie,209180.55,24,6.26,80,Debloque,2025-02-26 10:27:34,AG-001
ENG-20573,CLI-10446,Mehdi Zniber,Mourabaha Auto,277873.08,48,4.59,78,Debloque,2026-05-02 09:55:31,AG-006
ENG-20574,CLI-10026,Abdellah Benjelloun,Credit Tresorerie,287166.77,36,5.53,74,Valide,2025-01-18 12:11:18,AG-005
ENG-20575,CLI-10009,Hassan Idrissi,Ijara,388077.19,120,5.46,24,Debloque,2026-04-06 09:34:06,AG-008
ENG-20576,CLI-10075,Amina Mouline,Mourabaha Auto,378819.41,60,8.41,64,Contentieux,2024-12-27 16:36:29,AG-008
ENG-20577,CLI-10020,Nadia Mouline,Mourabaha Immo,926129.82,120,5.6,30,Valide,2025-07-13 08:11:47,AG-009
ENG-20578,CLI-10335,Hicham Jai,Mourabaha Auto,280163.28,24,8.1,75,Contentieux,2024-10-09 12:39:32,AG-010
ENG-20579,CLI-10407,Amine Berrada,Mourabaha Immo,625699.77,180,4.68,75,Valide,2024-05-17 08:38:25,AG-004
ENG-20580,CLI-10348,Asmaa Balafrej,Mourabaha Immo,394661.36,120,5.74,22,Debloque,2024-05-09 15:38:50,AG-001
ENG-20581,CLI-10163,Hicham El Amrani,Mourabaha Immo,779402.63,120,3.85,56,Debloque,2026-10-14 17:21:34,AG-006
ENG-20582,CLI-10477,Asmaa Tazi,Mourabaha Auto,299306.49,48,5.37,64,Debloque,2024-08-28 15:13:34,AG-001
ENG-20583,CLI-10345,Zineb Berrada,Ijara,164411.07,240,8.82,82,Debloque,2025-02-07 16:23:19,AG-003
ENG-20584,CLI-10162,Noureddine Fikri,Ijara,631578.93,180,3.66,94,Valide,2025-10-14 14:48:01,AG-009
ENG-20585,CLI-10146,Omar Balafrej,Mourabaha Auto,191582.43,36,5.58,35,En analyse,2024-04-04 17:18:11,AG-010
ENG-20586,CLI-10393,Salma Benjelloun,Mourabaha Auto,304075.79,60,6.53,65,Debloque,2026-10-09 13:49:23,AG-002
ENG-20587,CLI-10341,Said Benjelloun,Credit Tresorerie,436944.0,24,6.26,88,Debloque,2026-08-25 15:18:52,AG-003
ENG-20588,CLI-10081,Driss Fassi-Fihri,Investissement PME,1032496.75,48,5.7,20,Debloque,2025-08-21 10:43:58,AG-008
ENG-20589,CLI-10215,Hassan El Fassi,Investissement PME,629139.68,48,4.26,84,Contentieux,2026-01-11 17:15:10,AG-010
ENG-20590,CLI-10242,Abdellah Idrissi,Mourabaha Auto,264179.52,48,3.62,69,Debloque,2024-03-15 13:46:55,AG-001
ENG-20591,CLI-10242,Abdellah Idrissi,Investissement PME,1510914.3,60,3.86,23,Valide,2026-08-08 17:28:15,AG-001
ENG-20592,CLI-10499,Ahmed Benjelloun,Ijara,337218.18,240,4.11,62,Surveillance,2024-04-15 09:00:47,AG-003
ENG-20593,CLI-10241,Mehdi Berrada,Credit Tresorerie,352687.55,24,8.36,88,Valide,2023-08-16 08:18:51,AG-002
ENG-20594,CLI-10422,Nadia Benjelloun,Mourabaha Auto,299840.29,24,5.5,85,Debloque,2026-07-26 09:06:09,AG-010
ENG-20595,CLI-10389,Asmaa El Amrani,Credit Tresorerie,241313.39,12,5.52,63,Valide,2024-08-07 12:06:21,AG-005
ENG-20596,CLI-10038,Said Erraji,Ijara,310633.05,240,6.2,51,Debloque,2025-05-23 15:21:50,AG-007
ENG-20597,CLI-10133,Hassan Mouline,Mourabaha Auto,165271.5,36,6.37,23,Valide,2025-10-12 12:19:45,AG-008
ENG-20598,CLI-10325,Karim Lamrani,Mourabaha Immo,349110.18,240,5.92,57,Valide,2024-03-20 12:54:24,AG-004
ENG-20599,CLI-10117,Ahmed Zniber,Mourabaha Immo,512429.01,240,3.57,66,Debloque,2026-08-20 10:22:41,AG-009
ENG-20600,CLI-10437,Samira Mouline,Ijara,445196.03,240,5.56,82,Debloque,2026-03-16 14:00:42,AG-008
ENG-20601,CLI-10176,Fatima Berrada,Mourabaha Immo,504669.62,240,7.78,35,Debloque,2025-08-15 17:58:40,AG-007
ENG-20602,CLI-10431,Noureddine El Amrani,Mourabaha Auto,382102.83,36,7.58,66,Debloque,2026-11-04 13:32:04,AG-007
ENG-20603,CLI-10493,Leila Benjelloun,Ijara,536595.29,120,5.96,86,Valide,2025-12-06 11:14:44,AG-009
ENG-20604,CLI-10091,Hind El Fassi,Mourabaha Immo,272444.01,240,4.96,55,En analyse,2024-12-27 09:57:57,AG-008
ENG-20605,CLI-10156,Hind Mouline,Mourabaha Immo,700993.1,240,6.13,32,Debloque,2023-06-26 09:12:30,AG-003
ENG-20606,CLI-10043,Noureddine Mouline,Ijara,716581.98,120,6.48,47,Debloque,2025-10-01 17:27:55,AG-007
ENG-20607,CLI-10369,Imane Alaoui,Credit Tresorerie,332758.49,36,6.88,78,Contentieux,2025-07-20 12:31:40,AG-007
ENG-20608,CLI-10260,Leila Bencheikh,Ijara,332989.77,180,8.73,58,Valide,2024-06-09 16:32:19,AG-007
ENG-20609,CLI-10058,Karim Bennani,Investissement PME,1738132.77,60,8.41,85,Debloque,2024-03-03 14:43:19,AG-007
ENG-20610,CLI-10327,Amine Jai,Mourabaha Auto,208092.39,36,4.56,33,Debloque,2024-05-17 12:20:49,AG-002
ENG-20611,CLI-10053,Mohamed Sbihi,Mourabaha Auto,254468.45,36,5.28,44,Debloque,2024-03-20 10:20:33,AG-001
ENG-20612,CLI-10335,Hicham Jai,Mourabaha Auto,180665.13,60,7.79,54,Valide,2025-08-28 12:23:09,AG-010
ENG-20613,CLI-10373,Amine Fassi-Fihri,Ijara,276549.39,180,6.6,73,En analyse,2026-01-14 13:41:51,AG-007
ENG-20614,CLI-10234,Hicham Hakim,Mourabaha Auto,154470.84,24,8.0,45,Valide,2025-05-27 13:01:20,AG-002
ENG-20615,CLI-10196,Ahmed El Fassi,Mourabaha Immo,356966.42,120,6.9,76,Surveillance,2023-02-08 10:20:46,AG-007
ENG-20616,,Abdellah El Amrani,Mourabaha Auto,230364.88,24,7.8,69,Debloque,2026-04-09 17:37:24,AG-001
ENG-20617,CLI-10176,Fatima Berrada,Mourabaha Immo,247043.99,120,6.1,29,Valide,2026-03-28 10:37:19,AG-007
ENG-20618,CLI-10288,Abdellah Berrada,Mourabaha Immo,931729.67,120,5.3,89,Debloque,2025-09-17 12:44:01,AG-008
ENG-20619,CLI-10395,Asmaa Fassi-Fihri,Mourabaha Immo,938731.07,180,8.76,66,Surveillance,2026-12-07 10:20:29,AG-009
ENG-20620,CLI-10186,Khadija Slaoui,Mourabaha Immo,248779.56,240,8.84,53,Valide,2023-03-04 14:27:25,AG-009
ENG-20621,CLI-10409,Noureddine El Fassi,Mourabaha Immo,165053.36,240,5.55,92,Debloque,2023-09-28 13:50:34,AG-007
ENG-20622,CLI-10295,Imane Guedira,Mourabaha Immo,521560.03,120,7.54,92,En analyse,2023-09-06 16:54:54,AG-005
ENG-20623,CLI-10333,Samira Mouline,Investissement PME,1963298.09,84,8.0,79,Debloque,2024-11-11 09:11:41,AG-004
ENG-20624,CLI-10233,Asmaa Fikri,Ijara,172731.78,240,7.57,75,Surveillance,2026-10-10 08:39:53,AG-005
ENG-20625,CLI-10005,Noureddine Ouazzani,Mourabaha Immo,553357.63,120,6.71,61,Debloque,2024-10-12 17:09:12,AG-010
ENG-20626,CLI-10106,Driss Berrada,Mourabaha Immo,501307.89,120,3.64,25,Debloque,2025-02-11 13:59:14,AG-006
ENG-20627,CLI-10104,Abdellah Berrada,Mourabaha Immo,343962.72,120,7.75,23,Valide,2026-02-27 14:01:28,AG-009
ENG-20628,CLI-10438,Khadija Jai,Mourabaha Auto,293093.51,60,3.77,76,Debloque,2024-07-19 09:05:11,AG-003
ENG-20629,CLI-10297,Salma Slaoui,Mourabaha Auto,364399.68,24,8.67,65,Debloque,2025-07-07 11:05:51,AG-001
ENG-20630,CLI-10245,Rachid Hakim,Mourabaha Immo,874409.67,120,8.7,22,En analyse,2026-07-28 09:22:23,AG-005
ENG-20631,CLI-10429,Meryem Mouline,Mourabaha Immo,699192.73,120,9.0,30,Debloque,2026-08-01 12:46:41,AG-004
ENG-20632,,Hassan Sbihi,Mourabaha Immo,427705.12,120,4.48,21,Valide,2024-03-23 15:48:02,AG-004
ENG-20633,CLI-10339,Asmaa El Amrani,Mourabaha Immo,357156.47,180,4.45,86,Contentieux,2024-06-04 10:01:31,AG-003
ENG-20634,CLI-10207,Khadija Fassi-Fihri,Mourabaha Auto,104807.08,48,6.92,23,Debloque,2025-01-16 08:47:55,AG-006
ENG-20635,CLI-10209,Youssef Slaoui,Mourabaha Immo,304885.5,240,4.43,32,En analyse,2024-02-14 09:07:30,AG-007
ENG-20636,CLI-10213,Meryem Bennani,Credit Tresorerie,419374.7,36,5.92,20,Valide,2026-05-05 13:42:34,AG-005
ENG-20637,CLI-10315,Fatima Sbihi,Mourabaha Auto,326634.28,36,4.19,85,Valide,2024-04-22 09:47:06,AG-008
ENG-20638,CLI-10145,Amine Bencheikh,Credit Tresorerie,439458.5,12,4.87,52,Valide,2025-06-23 15:42:37,AG-010
ENG-20639,CLI-10296,Khadija Fikri,Investissement PME,1942583.88,60,5.82,38,Debloque,2023-12-26 14:40:03,AG-001
ENG-20640,CLI-10094,Mehdi Bencheikh,Mourabaha Immo,718474.73,240,3.69,50,Valide,2025-01-19 15:30:54,AG-009
ENG-20641,CLI-10322,Hind Bencheikh,Credit Tresorerie,630619.98,12,5.99,53,Debloque,2023-12-09 16:59:21,AG-007
ENG-20642,CLI-10457,Khadija Sbihi,Mourabaha Immo,731578.81,180,7.94,82,Debloque,2026-11-04 13:48:33,AG-001
ENG-20643,CLI-10401,Noureddine Ouazzani,Ijara,157012.79,120,4.02,78,Debloque,2023-09-23 12:08:55,AG-007
ENG-20644,CLI-10232,Asmaa Fassi-Fihri,Ijara,82884.08,120,8.81,84,Valide,2024-03-27 11:49:01,AG-007
ENG-20645,CLI-10382,Soukaina Erraji,Ijara,462938.84,240,6.39,88,Debloque,2024-12-17 10:23:10,AG-009
ENG-20646,CLI-10085,Zineb Benjelloun,Mourabaha Auto,222801.82,36,8.14,39,Debloque,2026-04-09 08:25:18,AG-008
ENG-20647,CLI-10268,Hicham Sbihi,Investissement PME,2717592.46,48,7.47,58,En analyse,2025-12-18 12:13:59,AG-005
ENG-20648,CLI-10305,Said Bencheikh,Investissement PME,1152210.52,36,7.65,37,Valide,2024-04-13 10:41:26,AG-003
ENG-20649,CLI-10100,Imane Hakim,Mourabaha Immo,515491.8,180,4.27,71,Valide,2024-04-15 10:43:17,AG-006
ENG-20650,CLI-10006,Amina Jai,Mourabaha Auto,281462.86,48,6.38,80,Valide,2026-05-27 09:34:47,AG-006
ENG-20651,CLI-10079,Karim Jai,Mourabaha Immo,776695.76,180,8.31,25,Debloque,2025-02-21 15:27:37,AG-006
ENG-20652,CLI-10364,Imane Idrissi,Mourabaha Auto,317614.74,60,7.67,48,Debloque,2023-12-20 17:55:23,AG-003
ENG-20653,CLI-10436,Omar Slaoui,Mourabaha Auto,499197.49,60,3.81,33,Surveillance,2025-12-24 12:57:16,AG-007
ENG-20654,CLI-10169,Driss Sbihi,Ijara,70259.68,180,8.91,30,En analyse,2026-04-19 15:14:37,AG-003
ENG-20655,CLI-10137,Khadija Slaoui,Mourabaha Immo,462442.67,240,6.84,92,Debloque,2026-01-20 09:37:53,AG-010
ENG-20656,CLI-10489,Mehdi Erraji,Mourabaha Immo,306455.28,120,4.15,50,Debloque,2026-07-23 08:22:41,AG-003
ENG-20657,CLI-10437,Samira Mouline,Ijara,427031.67,180,7.97,75,Debloque,2023-04-19 10:01:40,AG-008
ENG-20658,CLI-10051,Samira Sbihi,Mourabaha Immo,614114.59,180,7.91,78,Debloque,2025-06-27 13:22:15,AG-001
ENG-20659,CLI-10402,Khalid Lamrani,Mourabaha Immo,20000,180,7.73,40,Valide,2025-12-13 13:49:52,AG-008
ENG-20660,CLI-10256,Youssef Fikri,Credit Tresorerie,461436.16,24,5.43,88,Debloque,2024-06-27 12:06:58,AG-001
ENG-20661,CLI-10328,Noureddine Fikri,Ijara,270025.1,180,4.61,82,,2026-06-25 10:10:20,AG-009
ENG-20662,CLI-10159,Hind Mouline,Credit Tresorerie,159148.43,36,7.03,57,Debloque,2024-07-20 09:12:05,AG-006
ENG-20663,CLI-10208,Youssef Tazi,Credit Tresorerie,459976.82,24,5.68,69,Valide,2025-10-19 09:20:14,AG-006
ENG-20664,CLI-10021,Zineb Berrada,Mourabaha Immo,1042498.05,120,7.17,55,En analyse,2024-12-08 11:56:14,AG-007
ENG-20665,CLI-10416,Imane Sbihi,Mourabaha Immo,749021.89,120,8.22,81,Debloque,2026-09-18 17:12:26,AG-005
ENG-20666,CLI-10266,Zineb Fikri,Mourabaha Auto,267393.57,60,7.61,66,Debloque,2025-07-12 13:57:59,AG-001
ENG-20667,CLI-10164,Amine Kabbaj,Ijara,453071.19,180,8.23,51,Debloque,2024-02-26 16:45:30,AG-002
ENG-20668,CLI-10054,Khalid Bennani,Credit Tresorerie,325847.46,36,4.75,64,Debloque,2024-08-09 17:53:03,AG-010
ENG-20669,CLI-10225,Amine Slaoui,Ijara,64120.46,120,3.62,77,Debloque,2023-06-16 10:04:43,AG-008
ENG-20670,CLI-10489,Mehdi Erraji,Mourabaha Auto,343622.4,48,8.71,23,Debloque,2026-07-23 10:25:13,AG-003
ENG-20671,CLI-10159,Hind Mouline,Ijara,338743.97,240,7.89,85,Surveillance,2024-09-22 17:20:55,AG-006
ENG-20672,CLI-10365,Mohamed Erraji,Mourabaha Auto,260695.99,24,7.76,29,Debloque,2026-12-06 11:15:38,AG-009
ENG-20673,CLI-10092,Amine Guedira,Credit Tresorerie,766732.26,36,4.16,31,En analyse,2026-10-23 14:51:26,AG-003
ENG-20674,CLI-10243,Khadija Guedira,Mourabaha Immo,650467.02,180,4.51,59,Debloque,2026-05-16 09:11:16,AG-002
ENG-20675,CLI-10117,Ahmed Zniber,Ijara,362761.52,180,7.63,87,Valide,2023-09-02 13:06:10,AG-009
ENG-20676,CLI-10003,Rachid Benjelloun,Mourabaha Immo,453991.68,180,3.65,92,Debloque,2023-03-07 17:31:11,AG-004
ENG-20677,CLI-10500,Asmaa Ouazzani,Mourabaha Immo,906498.43,240,5.56,42,Surveillance,2024-09-05 15:01:39,AG-008
ENG-20678,CLI-10414,Hassan Zniber,Investissement PME,528959.64,60,4.09,43,Debloque,2024-02-16 11:38:09,AG-001
ENG-20679,CLI-10472,Leila Lamrani,Mourabaha Immo,350504.57,180,7.81,34,Debloque,2023-06-08 13:09:15,AG-010
ENG-20680,CLI-10252,Fatima Zniber,Mourabaha Immo,887095.4,180,3.73,27,Surveillance,2026-11-23 17:06:54,AG-007
ENG-20681,CLI-10340,Noureddine Sbihi,Mourabaha Auto,270042.9,60,7.66,45,Valide,2024-08-25 11:18:40,AG-006
ENG-20682,CLI-10223,Fatima Balafrej,Ijara,358200.59,180,3.63,33,Valide,2026-10-13 12:31:50,AG-006
ENG-20683,CLI-10395,Asmaa Fassi-Fihri,Mourabaha Auto,509545.56,36,8.71,-5,Surveillance,2024-11-11 08:34:01,AG-009
ENG-20684,CLI-10097,Samira Fikri,Ijara,496045.96,,3.79,75,Debloque,2024-09-12 08:58:13,AG-004
ENG-20685,,Mohamed Erraji,Mourabaha Immo,547597.31,240,7.02,21,En analyse,2026-04-23 09:59:18,AG-009
ENG-20686,CLI-10417,Amina Sbihi,Credit Tresorerie,135503.0,24,8.91,69,Debloque,2025-07-02 10:09:38,AG-003
ENG-20687,CLI-10343,Noureddine Benjelloun,Mourabaha Immo,910017.42,240,8.25,59,Valide,2025-07-23 08:26:52,AG-010
ENG-20688,CLI-10143,Noureddine Benjelloun,Credit Tresorerie,251653.8,12,7.99,82,Valide,2023-11-23 14:02:44,AG-003
ENG-20689,CLI-10066,Hicham Fikri,Mourabaha Auto,228872.68,24,4.37,82,En analyse,2025-03-24 12:43:45,AG-003
ENG-20690,CLI-10204,Ahmed Bencheikh,Mourabaha Immo,924900.48,180,5.07,92,Valide,2023-07-27 11:05:35,AG-002
ENG-20691,CLI-10103,Leila Kabbaj,Mourabaha Immo,618697.59,120,4.11,24,Debloque,2024-02-25 09:15:27,AG-005
ENG-20692,CLI-10225,Amine Slaoui,Mourabaha Auto,247488.5,60,,25,Debloque,2024-04-24 13:02:36,AG-008
ENG-20693,CLI-10441,Khadija Guedira,Investissement PME,1813872.43,48,8.46,27,Debloque,2024-05-17 09:14:11,AG-006
ENG-20694,CLI-10172,Omar Erraji,Mourabaha Auto,257968.71,60,3.64,76,En analyse,2024-10-17 12:35:10,AG-004
ENG-20695,CLI-10494,Salma Balafrej,Mourabaha Immo,721769.47,240,6.44,41,Debloque,2025-06-02 10:57:06,AG-001
ENG-20696,CLI-10004,Hicham Benjelloun,Ijara,435454.14,240,3.82,69,Debloque,2023-04-25 08:36:34,AG-009
ENG-20697,CLI-10331,Abdellah Erraji,Ijara,444090.84,240,4.81,82,Debloque,2025-11-15 15:58:57,AG-004
ENG-20698,CLI-10275,Leila Guedira,Credit Tresorerie,155451.6,12,4.29,42,Contentieux,2026-05-06 13:47:01,AG-007
ENG-20699,CLI-10154,Ahmed El Amrani,Mourabaha Immo,294938.43,240,8.18,71,Valide,2025-04-13 14:56:26,AG-007
ENG-20700,CLI-10232,Asmaa Fassi-Fihri,Ijara,390021.63,180,6.05,63,Valide,2026-03-24 16:13:15,AG-007
ENG-20701,CLI-10098,Leila El Fassi,Mourabaha Auto,409740.08,48,8.45,90,Surveillance,2026-06-21 12:13:25,AG-001
ENG-20702,CLI-10056,Soukaina Ouazzani,Ijara,354397.43,180,5.15,72,En analyse,2024-06-18 10:42:24,AG-007
ENG-20703,CLI-10222,Ahmed Jai,Mourabaha Immo,405296.26,180,6.62,42,Valide,2024-11-13 17:50:51,AG-007
ENG-20704,CLI-10211,Said Tazi,Mourabaha Immo,778713.57,120,8.27,36,Debloque,2026-06-20 17:33:47,AG-003
ENG-20705,CLI-10019,Youssef Balafrej,Mourabaha Auto,283576.36,24,8.56,26,Valide,2023-06-12 11:47:09,AG-005
ENG-20706,CLI-10158,Zineb Alaoui,Credit Tresorerie,190551.21,24,6.93,60,Debloque,2026-08-11 10:18:19,AG-006
ENG-20707,CLI-10288,Abdellah Berrada,Mourabaha Immo,962268.71,120,6.43,72,Valide,2026-12-09 11:07:42,AG-008
ENG-20708,CLI-10466,Asmaa El Fassi,Ijara,288085.13,120,4.25,68,Debloque,2026-03-25 08:37:44,AG-005
ENG-20709,CLI-10186,Khadija Slaoui,Investissement PME,920422.83,36,8.84,92,Valide,2025-02-12 09:11:08,AG-009
ENG-20710,CLI-10347,Hassan Hakim,Ijara,334096.79,120,4.11,45,Contentieux,2025-05-23 09:22:38,AG-009
ENG-20711,CLI-10254,Leila Bencheikh,Mourabaha Immo,761141.41,120,5.51,52,Valide,2025-09-01 15:20:57,AG-007
ENG-20712,CLI-10333,Samira Mouline,Mourabaha Immo,655857.06,180,4.95,75,Valide,2025-12-25 15:42:05,AG-004
ENG-20713,CLI-10017,Amina Bennani,Mourabaha Immo,921053.08,240,6.66,58,Debloque,2026-07-13 08:44:43,AG-002
ENG-20714,CLI-10193,Nadia Bencheikh,Mourabaha Immo,477597.13,240,8.19,74,Debloque,2025-03-12 12:35:12,AG-009
ENG-20715,CLI-10137,Khadija Slaoui,Mourabaha Immo,268714.28,240,8.52,85,Surveillance,2023-03-26 09:15:04,AG-010
ENG-20716,CLI-10034,Noureddine Bencheikh,Mourabaha Immo,969474.23,120,7.78,29,En analyse,2023-12-26 13:55:58,AG-009
ENG-20717,CLI-10080,Said Alaoui,Mourabaha Auto,638507.48,48,7.82,33,Debloque,2023-12-05 11:58:47,AG-004
ENG-20718,CLI-10096,Mehdi Fassi-Fihri,Mourabaha Immo,511380.4,120,3.52,49,Valide,2023-07-11 16:12:30,AG-005
ENG-20719,CLI-10363,Leila Tazi,Investissement PME,997643.68,60,7.52,95,Surveillance,2023-08-06 16:00:05,AG-006
ENG-20720,CLI-10102,Asmaa El Amrani,Mourabaha Immo,521050.97,240,6.66,44,Debloque,2023-04-06 13:48:14,AG-006
ENG-20721,CLI-10326,Karim Tazi,Credit Tresorerie,357351.31,36,5.07,74,Valide,2025-12-08 16:00:41,AG-002
ENG-20722,CLI-10350,Amine Tazi,Mourabaha Immo,956861.51,120,3.86,28,Debloque,2023-10-25 14:05:43,AG-005
ENG-20723,CLI-10367,Khadija Erraji,Ijara,746916.95,180,6.73,66,Debloque,2023-10-09 13:28:22,AG-007
ENG-20724,CLI-10246,Amine Jai,Ijara,367869.4,180,7.7,60,Debloque,2024-04-19 10:02:44,AG-004
ENG-20725,CLI-10239,Khadija Fikri,Credit Tresorerie,251268.65,24,6.05,79,Debloque,2024-12-25 14:26:01,AG-001
ENG-20726,CLI-10404,Ahmed Guedira,Mourabaha Immo,780730.27,240,4.32,66,En analyse,2024-03-19 10:13:06,AG-005
ENG-20727,CLI-10139,Nadia Bencheikh,Mourabaha Immo,638194.34,180,8.06,90,Valide,2024-08-20 15:27:27,AG-003
ENG-20728,CLI-10082,Mohamed Sbihi,Ijara,588460.39,240,3.83,33,En analyse,2025-12-16 17:18:09,AG-007
ENG-20729,CLI-10483,Imane Fassi-Fihri,Ijara,523799.17,180,6.97,63,Debloque,2026-10-04 17:08:33,AG-005
ENG-20730,CLI-10372,Asmaa El Fassi,Ijara,427749.14,240,8.25,67,Debloque,2026-02-01 15:23:26,AG-009
ENG-20731,CLI-10484,Youssef Hakim,Mourabaha Immo,770536.37,180,6.99,80,Debloque,2025-10-26 13:44:12,AG-002
ENG-20732,CLI-10495,Hind Mouline,Mourabaha Immo,1003243.84,240,6.65,49,Debloque,2024-04-16 17:30:56,AG-004
ENG-20733,CLI-10197,Fatima El Amrani,Mourabaha Auto,226500.09,60,6.04,54,En analyse,2026-04-26 12:45:09,AG-004
ENG-20734,CLI-10399,Youssef Alaoui,Mourabaha Immo,542269.74,120,4.73,20,Valide,2026-09-05 12:20:31,AG-005
ENG-20735,CLI-10310,Ahmed Berrada,Credit Tresorerie,538270.89,12,8.77,35,Valide,2023-12-07 16:51:32,AG-003
ENG-20736,CLI-10405,Karim Lamrani,Ijara,561276.18,240,8.0,21,Valide,2024-03-10 08:01:41,AG-001
ENG-20737,CLI-10216,Hicham Sbihi,Mourabaha Immo,189084.26,120,5.96,68,Debloque,2026-06-04 12:29:17,AG-004
ENG-20738,CLI-10311,Hassan Balafrej,Ijara,330328.49,120,6.73,61,Contentieux,2023-01-28 13:35:30,AG-008
ENG-20739,CLI-10162,Noureddine Fikri,Credit Tresorerie,358675.61,24,7.05,70,Valide,2023-11-10 13:36:48,AG-009
ENG-20740,CLI-10453,Asmaa Jai,Ijara,360473.86,240,7.44,36,Debloque,2023-03-05 09:33:10,AG-004
ENG-20741,CLI-10121,Omar Benjelloun,Mourabaha Immo,479884.69,120,5.77,28,Debloque,2023-09-14 14:44:09,AG-010
ENG-20742,CLI-10046,Driss Jai,Credit Tresorerie,530992.01,24,4.37,53,Valide,2023-11-22 16:01:03,AG-004
ENG-20743,CLI-10358,Leila Mouline,Mourabaha Immo,772445.45,120,8.72,37,Debloque,2025-07-25 14:01:32,AG-006
ENG-20744,CLI-10253,Leila Idrissi,Mourabaha Immo,764420.01,240,7.33,90,En analyse,2024-10-02 11:14:37,AG-002
ENG-20745,CLI-10179,Zineb Tazi,Mourabaha Auto,174038.11,36,5.68,39,Debloque,2025-05-18 13:32:24,AG-006
ENG-20746,CLI-10104,Abdellah Berrada,Mourabaha Auto,159303.86,48,5.34,61,Surveillance,2026-02-21 12:28:01,AG-009
ENG-20747,CLI-10496,Omar Idrissi,Mourabaha Auto,168612.2,36,4.12,69,Debloque,2024-04-25 17:47:47,AG-009
ENG-20748,CLI-10354,Mohamed Slaoui,Mourabaha Auto,292742.49,,5.49,26,Debloque,2024-10-27 12:13:32,AG-006
ENG-20749,CLI-10425,Salma Idrissi,Mourabaha Immo,577874.81,240,5.64,61,Debloque,2026-10-25 10:58:31,AG-001
ENG-20750,CLI-10306,Driss Jai,Mourabaha Immo,562358.65,240,8.22,51,En analyse,2023-01-28 08:39:03,AG-004
ENG-20751,CLI-10485,Mohamed Tazi,Mourabaha Immo,817052.32,240,6.62,40,En analyse,2025-04-21 11:27:47,AG-002
ENG-20752,CLI-10039,Mehdi Ouazzani,Mourabaha Immo,510010.99,240,3.62,24,Surveillance,2025-03-09 15:59:59,AG-009
ENG-20753,CLI-10410,Driss Mouline,Credit Tresorerie,341479.83,36,7.86,80,Valide,2023-02-24 11:29:55,AG-001
ENG-20754,CLI-10356,Ahmed Lamrani,Mourabaha Auto,328101.57,48,3.62,999,Debloque,2024-04-03 14:43:24,AG-007
ENG-20755,CLI-10426,Ahmed Sbihi,Ijara,411127.54,120,7.11,55,Debloque,2026-04-26 12:01:42,AG-005
ENG-20756,CLI-10447,Abdellah Balafrej,Mourabaha Immo,754954.88,240,5.96,20,Contentieux,2023-10-27 14:35:44,AG-009
ENG-20757,CLI-10119,Meryem Jai,Mourabaha Auto,271605.53,24,6.79,78,Debloque,2024-06-22 13:46:35,AG-010
ENG-20758,CLI-10165,Khadija Ouazzani,Mourabaha Auto,202769.97,48,5.74,94,Debloque,2026-06-25 12:09:52,AG-009
ENG-20759,CLI-10456,Zineb Bennani,Ijara,289493.11,180,3.98,52,Surveillance,2025-06-21 15:28:48,AG-008
ENG-20760,CLI-10349,Abdellah Bencheikh,Mourabaha Immo,660452.5,120,5.39,38,Debloque,2024-10-05 11:52:44,AG-001
ENG-20761,CLI-10422,Nadia Benjelloun,Ijara,749015.88,120,6.36,93,En analyse,2024-12-08 13:31:07,AG-010
ENG-20762,CLI-10429,Meryem Mouline,Mourabaha Auto,435421.6,60,6.38,70,Valide,2025-12-14 09:14:40,AG-004
ENG-20763,CLI-10080,Said Alaoui,Credit Tresorerie,320156.13,12,8.41,84,Debloque,2026-03-03 12:15:48,AG-004
ENG-20764,CLI-10423,Asmaa Fikri,Mourabaha Immo,494913.81,240,4.03,44,En analyse,2023-05-04 11:11:52,AG-003
ENG-20765,CLI-10037,Soukaina Erraji,Mourabaha Immo,554153.24,180,7.14,21,Debloque,2025-06-13 13:13:19,AG-010
ENG-20766,CLI-10302,Amine El Amrani,Credit Tresorerie,257722.03,36,6.88,25,Debloque,2023-08-11 13:01:16,AG-001
ENG-20767,CLI-10441,Khadija Guedira,Mourabaha Auto,176759.59,60,7.29,64,Surveillance,2026-01-13 08:31:48,AG-006
ENG-20768,CLI-10244,Said Ouazzani,Mourabaha Immo,257274.64,120,3.96,32,Debloque,2025-04-20 15:02:20,AG-002
ENG-20769,CLI-10398,Mehdi Guedira,Mourabaha Auto,144805.41,24,3.56,36,Debloque,2023-09-15 09:32:11,AG-001
ENG-20770,CLI-10357,Salma Alaoui,Mourabaha Auto,240809.91,24,4.89,35,Debloque,2026-03-15 12:54:10,AG-010
ENG-20771,CLI-10219,Soukaina Ouazzani,Mourabaha Immo,855396.22,120,6.15,51,En analyse,2024-07-02 12:11:14,AG-009
ENG-20772,CLI-10350,Amine Tazi,Mourabaha Auto,281999.6,60,4.76,76,Debloque,2023-02-06 10:08:47,AG-005
ENG-20773,CLI-10310,Ahmed Berrada,Mourabaha Auto,233021.73,60,3.61,87,Surveillance,2025-11-18 09:26:30,AG-003
ENG-20774,CLI-10360,Said Erraji,Ijara,386212.45,120,3.98,65,Debloque,2024-03-04 08:10:05,AG-006
ENG-20775,CLI-10341,Said Benjelloun,Mourabaha Immo,558186.77,240,4.95,28,Contentieux,2024-10-14 09:35:02,AG-003
ENG-20776,CLI-10076,Asmaa Zniber,Mourabaha Immo,290944.55,240,,21,Debloque,2023-02-17 12:37:33,AG-010
ENG-20777,CLI-10472,Leila Lamrani,Mourabaha Immo,485538.59,240,6.11,81,,2024-07-18 16:54:51,AG-010
ENG-20778,CLI-10075,Amina Mouline,Credit Tresorerie,406613.03,12,6.13,29,Debloque,2024-11-25 14:53:40,AG-008
ENG-20779,CLI-10116,Rachid Fikri,Credit Tresorerie,96065.17,12,8.29,70,En analyse,2025-07-15 17:53:55,AG-003
ENG-20780,CLI-10465,Hind Fikri,Mourabaha Immo,785404.78,240,8.72,85,Surveillance,2024-04-20 16:18:31,AG-006
ENG-20781,CLI-10222,Ahmed Jai,Mourabaha Auto,152765.94,36,7.75,25,Debloque,2026-05-15 13:19:53,AG-007
ENG-20782,CLI-10168,Imane Fikri,Credit Tresorerie,316517.47,24,6.31,69,Debloque,2024-08-11 09:44:31,AG-009
ENG-20783,CLI-10273,Soukaina El Fassi,Ijara,354797.11,180,8.64,56,Debloque,2024-06-11 11:36:12,AG-003
ENG-20784,CLI-10157,Mehdi Slaoui,Mourabaha Immo,634547.02,180,6.35,72,Valide,2026-11-22 11:49:39,AG-007
ENG-20785,CLI-10072,Fatima Hakim,Credit Tresorerie,210567.74,36,5.49,89,Debloque,2024-08-19 16:11:07,AG-001
ENG-20786,CLI-10449,Samira Alaoui,Mourabaha Immo,527779.92,120,4.63,63,Valide,2026-06-08 14:30:45,AG-007
ENG-20787,CLI-10291,Amina Sbihi,Ijara,236261.49,120,4.89,68,Debloque,2026-01-03 11:51:59,AG-010
ENG-20788,CLI-10254,Leila Bencheikh,Ijara,496570.88,240,6.71,55,Debloque,2026-04-09 08:27:40,AG-007
ENG-20789,CLI-10305,Said Bencheikh,Mourabaha Immo,307987.73,120,4.5,66,Debloque,2023-01-28 09:17:06,AG-003
ENG-20790,CLI-10138,Ahmed El Amrani,Mourabaha Immo,466667.5,120,8.59,74,Valide,2023-01-04 13:39:46,AG-006
ENG-20791,CLI-10221,Noureddine Berrada,Mourabaha Immo,455176.07,180,8.6,65,Debloque,2024-01-18 17:20:48,AG-005
ENG-20792,CLI-10413,Noureddine Kabbaj,Investissement PME,2602261.22,84,4.62,22,Contentieux,2023-10-24 17:17:51,AG-007
ENG-20793,CLI-10049,Noureddine Mouline,Mourabaha Immo,357092.36,240,4.41,42,Surveillance,2025-02-01 11:42:19,AG-001
ENG-20794,CLI-10441,Khadija Guedira,Mourabaha Auto,297192.26,60,5.95,49,Valide,2023-07-23 15:28:09,AG-006
ENG-20795,CLI-10197,Fatima El Amrani,Credit Tresorerie,330155.34,24,4.63,82,Debloque,2025-06-01 15:32:39,AG-004
ENG-20796,CLI-10227,Khalid Erraji,Mourabaha Auto,197822.27,48,4.29,29,Debloque,2026-03-26 14:13:13,AG-004
ENG-20797,CLI-10208,Youssef Tazi,Mourabaha Immo,658467.47,180,6.8,80,Contentieux,2024-11-23 09:28:45,AG-006
ENG-20798,CLI-10200,Khadija Mouline,Mourabaha Auto,87184.01,48,5.6,82,Debloque,2026-07-03 14:16:22,AG-003
ENG-20799,CLI-10188,Nadia Mouline,Credit Tresorerie,206186.5,12,8.2,86,Debloque,2024-01-13 13:03:48,AG-003
ENG-20800,CLI-10363,Leila Tazi,Credit Tresorerie,387831.98,12,6.88,90,En analyse,2023-09-09 15:09:18,AG-006
ENG-20801,CLI-10224,Hind Lamrani,Mourabaha Immo,869548.12,180,4.42,28,Valide,2023-10-02 17:41:50,AG-004
ENG-20802,CLI-10489,Mehdi Erraji,Credit Tresorerie,208661.37,36,4.47,90,Debloque,2026-03-08 08:51:12,AG-003
ENG-20803,CLI-10040,Driss Kabbaj,Mourabaha Immo,1254774.63,120,6.44,79,Debloque,2025-12-06 10:34:59,AG-008
ENG-20804,CLI-10403,Mehdi Kabbaj,Mourabaha Immo,860555.27,120,7.71,85,Debloque,2023-07-05 10:03:30,AG-003
ENG-20805,CLI-10068,Rachid Mouline,Mourabaha Immo,632507.9,180,6.04,78,Valide,2023-12-08 10:40:38,AG-002
ENG-20806,CLI-10035,Said Fikri,Investissement PME,1556748.51,48,3.5,78,Debloque,2026-11-25 14:35:34,AG-006
ENG-20807,CLI-10456,Zineb Bennani,Ijara,711757.76,180,7.83,93,Debloque,2026-05-17 14:10:32,AG-008
ENG-20808,CLI-10065,Khalid Mouline,Credit Tresorerie,258291.07,12,3.9,67,Debloque,2023-10-14 14:24:19,AG-005
ENG-20809,CLI-10162,Noureddine Fikri,Ijara,520265.85,240,7.63,77,Surveillance,2024-11-26 12:25:15,AG-009
ENG-20810,CLI-10462,Ahmed Slaoui,Mourabaha Immo,506693.76,180,4.89,71,Debloque,2026-06-07 15:08:26,AG-007
ENG-20811,CLI-10126,Fatima Guedira,Investissement PME,3123750.95,60,5.56,64,Debloque,2026-11-28 14:04:38,AG-003
ENG-20812,CLI-10421,Mehdi Lamrani,Ijara,195398.45,180,3.72,81,En analyse,2025-04-10 16:10:00,AG-002
ENG-20813,CLI-10075,Amina Mouline,Mourabaha Auto,246360.21,36,6.97,67,En analyse,2026-06-26 17:29:22,AG-008
ENG-20814,CLI-10146,Omar Balafrej,Ijara,380105.21,240,6.72,76,Debloque,2026-09-02 16:46:47,AG-010
ENG-20815,CLI-10035,Said Fikri,Investissement PME,1727663.83,60,7.13,76,Debloque,2025-03-05 11:05:39,AG-006
ENG-20816,CLI-10202,Karim Idrissi,Mourabaha Immo,951803.42,120,5.17,37,Valide,2024-07-26 10:27:35,AG-007
ENG-20817,CLI-10470,Samira Balafrej,Mourabaha Immo,575420.24,120,4.96,81,Debloque,2024-08-06 15:07:05,AG-010
ENG-20818,CLI-10416,Imane Sbihi,Credit Tresorerie,353941.08,36,7.5,67,Surveillance,2025-10-18 16:56:57,AG-005
ENG-20819,CLI-10170,Meryem Guedira,Mourabaha Auto,239902.45,48,7.93,51,Valide,2023-07-16 12:21:32,AG-010
ENG-20820,CLI-10499,Ahmed Benjelloun,Mourabaha Auto,218438.31,60,3.78,95,Valide,2025-02-27 10:35:14,AG-003
ENG-20821,CLI-10113,Samira Benjelloun,Credit Tresorerie,317710.73,12,7.34,84,Debloque,2026-07-19 13:19:05,AG-002
ENG-20822,CLI-10320,Fatima Alaoui,Ijara,761856.32,240,3.86,60,Surveillance,2023-07-13 14:09:26,AG-002
ENG-20823,CLI-10016,Driss Benjelloun,Mourabaha Immo,578661.15,180,8.34,82,Surveillance,2026-10-07 14:27:54,AG-007
ENG-20824,CLI-10125,Noureddine Lamrani,Mourabaha Auto,224948.02,36,5.35,61,Debloque,2023-02-03 09:50:47,AG-001
ENG-20825,CLI-10253,Leila Idrissi,Credit Tresorerie,380893.7,36,7.06,26,En analyse,2024-01-05 12:53:23,AG-002
ENG-20826,CLI-10471,Hassan Ouazzani,Credit Tresorerie,212533.52,24,7.16,31,En analyse,2025-06-04 08:37:05,AG-010
ENG-20827,CLI-10315,Fatima Sbihi,Mourabaha Immo,1094530.11,180,8.03,82,Valide,2025-10-27 16:04:53,AG-008
ENG-20828,CLI-10071,Soukaina Idrissi,Mourabaha Immo,347900.34,240,8.19,40,Debloque,2023-08-20 11:44:18,AG-003
ENG-20829,CLI-10084,Rachid Guedira,Mourabaha Auto,263987.58,48,5.12,71,Debloque,2024-05-22 13:13:15,AG-006
ENG-20830,CLI-10361,Fatima Balafrej,Mourabaha Immo,361096.0,120,3.82,35,Valide,2026-03-05 09:18:49,AG-009
ENG-20831,CLI-10164,Amine Kabbaj,Mourabaha Auto,326558.52,24,8.61,90,Debloque,2025-12-07 15:41:02,AG-002
ENG-20832,CLI-10201,Mohamed Erraji,Mourabaha Immo,312248.67,120,3.77,52,Debloque,2026-08-22 14:50:45,AG-005
ENG-20833,CLI-10231,Mohamed Sbihi,Mourabaha Immo,250318.62,180,7.12,92,Surveillance,2024-01-28 10:16:26,AG-009
ENG-20834,CLI-10022,Said Bencheikh,Credit Tresorerie,905061.58,12,6.32,83,Contentieux,2024-12-06 14:02:49,AG-010
ENG-20835,CLI-10176,Fatima Berrada,Credit Tresorerie,321469.32,24,7.74,84,Valide,2024-06-22 16:17:33,AG-007
ENG-20836,CLI-10271,Imane Zniber,Investissement PME,1526500.57,48,5.89,25,Debloque,2025-09-25 15:02:18,AG-006
ENG-20837,CLI-10209,Youssef Slaoui,Mourabaha Auto,333746.56,60,8.61,93,Valide,2025-10-08 15:16:19,AG-007
ENG-20838,CLI-10437,Samira Mouline,Mourabaha Immo,409027.27,120,7.18,94,Valide,2025-01-17 11:02:14,AG-008
ENG-20839,CLI-10231,Mohamed Sbihi,Mourabaha Immo,463796.66,120,7.91,55,Debloque,2026-01-17 12:49:38,AG-009
ENG-20840,CLI-10255,Nadia Fassi-Fihri,Investissement PME,1502211.84,48,6.44,90,Valide,2023-04-13 16:46:21,AG-010
ENG-20841,CLI-10336,Ahmed Ouazzani,Mourabaha Immo,794740.09,240,4.85,81,En analyse,2024-12-24 12:10:42,AG-009
ENG-20842,CLI-10132,Driss Zniber,Ijara,,180,4.62,40,Debloque,2025-05-18 16:40:04,AG-010
ENG-20843,CLI-10437,Samira Mouline,Investissement PME,1257706.76,60,8.81,34,Debloque,2025-02-17 16:29:32,AG-008
ENG-20844,CLI-10343,Noureddine Benjelloun,Mourabaha Auto,241501.4,24,5.46,31,Debloque,2026-04-18 12:46:01,AG-010
ENG-20845,CLI-10318,Amine Tazi,Credit Tresorerie,253713.46,12,4.39,63,Valide,2024-08-25 13:01:21,AG-003
ENG-20846,CLI-10406,Amine Idrissi,Mourabaha Auto,260684.72,24,7.94,71,Valide,2024-10-21 15:49:37,AG-006
ENG-20847,CLI-10035,Said Fikri,Investissement PME,1468133.65,84,6.57,78,Debloque,2025-04-02 08:28:12,AG-006
ENG-20848,CLI-10341,Said Benjelloun,Investissement PME,414116.18,60,5.79,20,Contentieux,2026-02-05 09:38:33,AG-003
ENG-20849,CLI-10060,Karim Berrada,Mourabaha Auto,149809.05,48,4.16,24,Debloque,2025-04-10 16:52:27,AG-002
ENG-20850,CLI-10440,Ahmed Sbihi,Mourabaha Immo,545877.58,180,7.16,37,Debloque,2026-03-09 13:54:26,AG-009
ENG-20851,CLI-10500,Asmaa Ouazzani,Ijara,437522.0,180,5.74,23,Contentieux,2025-03-23 09:55:08,AG-008
ENG-20852,CLI-10309,Mohamed Ouazzani,Mourabaha Auto,309355.31,24,5.49,32,Contentieux,2025-06-04 10:36:13,AG-008
ENG-20853,CLI-10041,Soukaina El Amrani,Mourabaha Immo,536346.18,240,7.65,30,Debloque,2025-09-22 12:06:57,AG-010
ENG-20854,CLI-10477,Asmaa Tazi,Mourabaha Immo,831758.05,180,4.01,62,Valide,2023-03-03 09:37:00,AG-001
ENG-20855,CLI-10245,Rachid Hakim,Mourabaha Immo,505911.66,120,4.95,95,Surveillance,2024-02-11 10:11:41,AG-005
ENG-20856,CLI-10359,Salma Sbihi,Credit Tresorerie,133856.52,36,7.97,80,Valide,2024-03-24 16:15:26,AG-003
ENG-20857,CLI-10296,Khadija Fikri,Mourabaha Auto,258469.63,36,3.83,47,Debloque,2026-04-27 16:18:22,AG-001
ENG-20858,CLI-10499,Ahmed Benjelloun,Mourabaha Auto,258880.76,48,4.98,35,Debloque,2025-11-20 15:00:07,AG-003
ENG-20859,CLI-10098,Leila El Fassi,Mourabaha Auto,212186.33,24,8.82,51,Valide,2023-04-08 08:46:04,AG-001
ENG-20860,CLI-10069,Hicham El Fassi,Investissement PME,1243955.88,60,8.78,93,En analyse,2024-12-04 08:26:06,AG-009
ENG-20861,CLI-10229,Khadija Alaoui,Mourabaha Immo,434880.21,180,5.29,72,Debloque,2025-08-22 11:54:40,AG-002
ENG-20862,CLI-10200,Khadija Mouline,Ijara,147189.41,240,8.22,51,Debloque,2025-07-02 12:00:27,AG-003
ENG-20863,CLI-10032,Rachid Tazi,Mourabaha Auto,300866.39,48,4.62,34,Surveillance,2024-05-09 10:27:49,AG-002
ENG-20864,CLI-10301,Fatima Balafrej,Ijara,147598.02,180,7.04,77,Valide,2025-08-13 12:10:30,AG-009
ENG-20865,CLI-10464,Samira Jai,Mourabaha Immo,491806.16,180,4.7,90,Debloque,2024-02-09 13:33:16,AG-003
ENG-20866,CLI-10140,Hind Idrissi,Credit Tresorerie,88141.86,36,7.9,71,En analyse,2023-04-10 12:51:15,AG-005
ENG-20867,CLI-10343,Noureddine Benjelloun,Investissement PME,2093658.35,48,6.95,87,En analyse,2023-06-25 16:26:36,AG-010
ENG-20868,CLI-10247,Noureddine Erraji,Mourabaha Immo,473151.14,120,7.53,74,Valide,2025-10-07 14:42:53,AG-008
ENG-20869,CLI-10290,Mohamed Jai,Mourabaha Auto,356855.93,36,8.4,61,En analyse,2025-06-16 11:34:21,AG-004
ENG-20870,CLI-10221,Noureddine Berrada,Investissement PME,1820753.1,36,7.29,33,Debloque,2024-04-14 08:13:29,AG-005
ENG-20871,CLI-10379,Youssef Fassi-Fihri,Mourabaha Immo,407554.47,180,7.45,48,Debloque,2024-06-04 08:16:00,AG-001
ENG-20872,CLI-10210,Asmaa Bennani,Mourabaha Immo,115010.6,180,7.04,77,Surveillance,2023-06-08 17:07:05,AG-004
ENG-20873,CLI-10406,Amine Idrissi,Mourabaha Auto,196600.54,36,3.74,55,Debloque,2023-08-27 11:50:26,AG-006
ENG-20874,CLI-10052,Zineb Kabbaj,Mourabaha Immo,179342.11,240,4.76,93,Valide,2026-12-12 13:48:28,AG-003
ENG-20875,CLI-10085,Zineb Benjelloun,Mourabaha Immo,829855.88,120,7.17,44,Valide,2024-04-24 08:46:11,AG-008
ENG-20876,CLI-10108,Asmaa Sbihi,Mourabaha Immo,533098.68,180,6.03,77,Valide,2024-01-04 11:23:40,AG-004
ENG-20877,CLI-10390,Abdellah Jai,Mourabaha Immo,471963.12,120,8.08,40,Debloque,2023-03-12 08:34:11,AG-010
ENG-20878,CLI-10458,Amina Tazi,Ijara,240021.28,120,7.7,47,En analyse,2026-02-14 11:44:52,AG-008
ENG-20879,CLI-10366,Mehdi Benjelloun,Ijara,159612.8,240,8.44,94,Contentieux,2026-03-27 17:34:42,AG-002
ENG-20880,CLI-10489,Mehdi Erraji,Ijara,388320.04,120,6.86,76,Valide,2025-10-07 08:12:25,AG-003
ENG-20881,CLI-10396,Samira Fassi-Fihri,Ijara,944086.79,120,7.88,36,Surveillance,2024-12-23 16:54:07,AG-005
ENG-20882,CLI-10203,Meryem Jai,Credit Tresorerie,165058.46,36,7.42,37,Inconnu,2024-09-08 10:15:58,AG-006
ENG-20883,CLI-10453,Asmaa Jai,Mourabaha Immo,441100.5,240,6.46,53,Valide,2024-03-02 14:31:54,AG-004
ENG-20884,CLI-10072,Fatima Hakim,Credit Tresorerie,213597.13,12,7.34,31,Debloque,2026-02-14 16:05:47,AG-001
ENG-20885,CLI-10236,Khalid Fassi-Fihri,Mourabaha Immo,750678.84,120,3.68,21,Debloque,2023-12-01 09:20:10,AG-010
ENG-20886,CLI-10414,Hassan Zniber,Mourabaha Auto,322369.37,24,3.95,44,Debloque,2023-08-26 16:41:23,AG-001
ENG-20887,CLI-10369,Imane Alaoui,Mourabaha Immo,457855.33,120,7.87,84,Debloque,2025-05-06 09:34:52,AG-007
ENG-20888,CLI-10343,Noureddine Benjelloun,Mourabaha Auto,265374.8,60,5.08,86,Surveillance,2023-03-06 12:32:39,AG-010
ENG-20889,CLI-10161,Driss Fikri,Ijara,555080.02,120,3.74,26,En analyse,2025-04-13 13:40:21,AG-008
ENG-20890,CLI-10272,Imane Alaoui,Mourabaha Immo,653621.33,180,6.6,50,Debloque,2025-09-08 13:23:42,AG-010
ENG-20891,CLI-10402,Khalid Lamrani,Mourabaha Auto,248882.53,24,6.94,26,Debloque,2024-07-20 17:35:29,AG-008
ENG-20892,CLI-10403,Mehdi Kabbaj,Investissement PME,653323.55,48,4.19,27,Valide,2023-02-28 14:16:53,AG-003
ENG-20893,CLI-10456,Zineb Bennani,Mourabaha Auto,193718.06,48,8.79,42,Debloque,2026-08-08 16:12:24,AG-008
ENG-20894,CLI-10097,Samira Fikri,Ijara,337670.52,120,5.7,51,Valide,2023-03-23 14:39:43,AG-004
ENG-20895,CLI-10088,Abdellah Slaoui,Ijara,369418.41,180,5.74,40,En analyse,2026-12-05 13:46:46,AG-008
ENG-20896,CLI-10221,Noureddine Berrada,Mourabaha Immo,383709.65,180,8.78,52,En analyse,2023-07-10 14:10:22,AG-005
ENG-20897,CLI-10192,Meryem Hakim,Mourabaha Auto,252413.91,60,7.84,67,Valide,2024-05-07 08:42:05,AG-004
ENG-20898,CLI-10158,Zineb Alaoui,Ijara,367145.87,180,8.25,85,Debloque,2023-04-24 09:23:15,AG-006
ENG-20899,CLI-10257,Karim Kabbaj,Ijara,595767.25,240,8.85,79,Debloque,2023-11-23 13:02:18,AG-004
ENG-20900,CLI-10030,Mehdi Fikri,Investissement PME,1148790.83,60,4.81,47,Valide,2025-04-27 16:16:37,AG-001
ENG-20901,CLI-10363,Leila Tazi,Mourabaha Immo,551054.39,120,4.0,78,Debloque,2023-09-02 17:12:15,AG-006
ENG-20902,CLI-10324,Noureddine Hakim,Mourabaha Auto,74399.56,60,4.69,71,Debloque,2024-01-14 08:46:04,AG-005
ENG-20903,CLI-10471,Hassan Ouazzani,Mourabaha Auto,256681.45,,8.95,32,Debloque,2026-09-24 16:57:00,AG-010
ENG-20904,CLI-10421,Mehdi Lamrani,Mourabaha Immo,366245.52,120,6.72,62,Debloque,2023-09-05 17:33:59,AG-002
ENG-20905,CLI-10242,Abdellah Idrissi,Mourabaha Auto,126729.45,24,8.78,73,Surveillance,2024-07-12 17:50:22,AG-001
ENG-20906,CLI-10030,Mehdi Fikri,Mourabaha Immo,454034.71,240,3.89,35,Surveillance,2025-02-18 12:14:14,AG-001
ENG-20907,CLI-10245,Rachid Hakim,Mourabaha Immo,531033.23,180,4.57,40,Surveillance,2024-02-08 15:17:21,AG-005
ENG-20908,CLI-10040,Driss Kabbaj,Mourabaha Immo,865300.13,120,7.32,57,Valide,2026-12-02 13:40:01,AG-008
ENG-20909,CLI-10173,Leila Hakim,Mourabaha Immo,834252.95,240,3.75,32,Valide,2024-07-25 08:02:12,AG-010
ENG-20910,CLI-10029,Hassan Fassi-Fihri,Ijara,,120,5.49,70,Surveillance,2023-01-13 10:43:29,AG-003
ENG-20911,CLI-10488,Noureddine Kabbaj,Mourabaha Immo,717847.17,180,3.79,75,Debloque,2024-07-19 09:31:40,AG-004
ENG-20912,CLI-10218,Rachid Alaoui,Mourabaha Auto,584416.54,36,6.92,87,Debloque,2025-12-02 09:15:19,AG-009
ENG-20913,CLI-10003,Rachid Benjelloun,Mourabaha Auto,408092.88,48,5.14,81,Surveillance,2024-07-02 11:14:41,AG-004
ENG-20914,CLI-10371,Mohamed Hakim,Mourabaha Immo,681065.69,120,7.17,77,Debloque,2023-10-27 08:32:23,AG-007
ENG-20915,CLI-10298,Imane Fassi-Fihri,Mourabaha Auto,285144.73,36,8.64,77,Contentieux,2024-07-25 17:45:36,AG-007
ENG-20916,CLI-10321,Ahmed Bennani,Ijara,283770.67,240,6.65,68,Surveillance,2025-09-21 17:48:38,AG-003
ENG-20917,CLI-10347,Hassan Hakim,Mourabaha Auto,287036.77,48,4.3,66,Debloque,2024-03-11 17:06:18,AG-009
ENG-20918,CLI-10292,Noureddine Zniber,Mourabaha Auto,227632.54,36,8.74,44,Valide,2024-05-25 10:49:27,AG-002
ENG-20919,CLI-10287,Khalid Slaoui,Investissement PME,1725395.83,36,8.95,80,Valide,2023-08-25 14:57:01,AG-010
ENG-20920,CLI-10090,Zineb Sbihi,Mourabaha Auto,316427.39,48,6.59,49,Debloque,2024-06-22 17:58:23,AG-001
ENG-20921,CLI-10461,Zineb Jai,Investissement PME,2296592.37,36,8.1,56,Debloque,2025-07-22 09:09:57,AG-008
ENG-20922,CLI-10313,Rachid Kabbaj,Ijara,644559.12,120,6.52,38,Debloque,2025-09-22 10:27:42,AG-003
ENG-20923,CLI-10402,Khalid Lamrani,Mourabaha Auto,193230.83,24,8.58,47,En analyse,2026-07-04 10:49:12,AG-008
ENG-20924,CLI-10161,Driss Fikri,Mourabaha Auto,217468.63,24,4.89,44,Debloque,2026-09-05 11:37:50,AG-008
ENG-20925,CLI-10436,Omar Slaoui,Ijara,258773.93,120,8.08,41,Debloque,2024-01-01 16:27:38,AG-007
ENG-20926,CLI-10454,Said Slaoui,Ijara,276958.23,120,4.14,69,Debloque,2023-02-22 11:52:39,AG-002
ENG-20927,CLI-10497,Mohamed Lamrani,Credit Tresorerie,919852.15,24,6.4,55,En analyse,2023-12-11 08:29:26,AG-006
ENG-20928,CLI-10442,Imane Fassi-Fihri,Mourabaha Auto,196528.55,36,8.3,76,Debloque,2024-01-24 13:14:40,AG-010
ENG-20929,CLI-10009,Hassan Idrissi,Credit Tresorerie,116756.73,24,4.39,77,Surveillance,2026-07-22 10:38:08,AG-008
ENG-20930,CLI-10285,Soukaina Kabbaj,Mourabaha Auto,245984.35,60,7.49,80,Surveillance,2023-03-19 17:04:49,AG-004
ENG-20931,CLI-10012,Nadia Sbihi,Ijara,162640.19,120,8.84,45,Valide,2024-02-05 13:22:45,AG-004
ENG-20932,CLI-10104,Abdellah Berrada,Mourabaha Immo,,180,4.1,89,Surveillance,2026-01-07 10:43:06,AG-009
ENG-20933,CLI-10195,Youssef El Fassi,Mourabaha Immo,600312.85,240,8.89,60,Valide,2026-09-19 13:24:07,AG-010
ENG-20934,CLI-10230,Hassan Fassi-Fihri,Mourabaha Immo,633568.76,240,6.5,59,Valide,2023-12-06 17:20:03,AG-003
ENG-20935,CLI-10203,Meryem Jai,Mourabaha Immo,1242131.61,180,5.01,26,Valide,2024-11-09 09:25:30,AG-006
ENG-20936,CLI-10475,Noureddine El Fassi,Mourabaha Immo,593686.2,180,7.58,83,Debloque,2024-03-03 08:53:10,AG-002
ENG-20937,CLI-10450,Leila Mouline,Ijara,407868.0,120,4.06,44,Valide,2026-03-19 16:21:47,AG-008
ENG-20938,CLI-10402,Khalid Lamrani,Mourabaha Auto,160433.86,60,4.79,74,Surveillance,2024-09-08 09:54:32,AG-008
ENG-20939,CLI-10349,Abdellah Bencheikh,Investissement PME,1174585.79,84,8.78,22,Debloque,2026-07-22 09:29:30,AG-001
ENG-20940,CLI-10207,Khadija Fassi-Fihri,Credit Tresorerie,261940.73,24,4.8,71,Debloque,2024-01-12 08:24:34,AG-006
ENG-20941,CLI-10338,Meryem Kabbaj,Credit Tresorerie,272594.62,24,7.21,31,Contentieux,2025-01-25 13:34:28,AG-003
ENG-20942,CLI-10352,Leila Tazi,Mourabaha Immo,641428.9,240,4.33,29,Debloque,2024-02-19 10:20:36,AG-010
ENG-20943,CLI-10234,Hicham Hakim,Mourabaha Auto,295872.0,48,4.79,89,Valide,2023-03-05 08:54:21,AG-002
ENG-20944,CLI-10488,Noureddine Kabbaj,Mourabaha Auto,221431.04,36,7.14,89,Debloque,2025-09-10 10:19:56,AG-004
ENG-20945,CLI-10434,Said Erraji,Mourabaha Auto,96315.85,24,5.06,77,Debloque,2026-01-23 15:05:22,AG-002
ENG-20946,CLI-10121,Omar Benjelloun,Credit Tresorerie,198663.44,24,5.96,81,Valide,2024-01-20 15:17:24,AG-010
ENG-20947,CLI-10494,Salma Balafrej,Mourabaha Auto,272926.44,60,6.22,88,Debloque,2024-10-19 14:32:31,AG-001
ENG-20948,,Karim Jai,Credit Tresorerie,107423.28,12,5.26,93,Valide,2023-11-18 13:43:33,AG-006
ENG-20949,CLI-10321,Ahmed Bennani,Mourabaha Auto,174609.92,24,7.15,66,Debloque,2026-07-24 17:21:43,AG-003
ENG-20950,CLI-10020,Nadia Mouline,Mourabaha Immo,909233.25,120,4.42,89,Valide,2025-06-09 12:11:59,AG-009
ENG-20951,CLI-10236,Khalid Fassi-Fihri,Mourabaha Auto,357239.71,48,4.52,51,Debloque,2024-11-18 17:54:17,AG-010
ENG-20952,CLI-10426,Ahmed Sbihi,Credit Tresorerie,453634.12,12,6.5,93,Surveillance,2025-07-06 12:05:43,AG-005
ENG-20953,CLI-10168,Imane Fikri,Mourabaha Immo,654268.95,180,4.48,63,Debloque,2024-07-19 11:55:44,AG-009
ENG-20954,CLI-10272,Imane Alaoui,Mourabaha Auto,134476.85,48,4.06,84,Valide,2026-06-12 08:41:31,AG-010
ENG-20955,CLI-10490,Leila Hakim,Ijara,454253.4,240,5.26,82,Debloque,2025-05-08 08:12:19,AG-004
ENG-20956,CLI-10062,Mohamed Slaoui,Credit Tresorerie,154074.85,36,8.03,29,Surveillance,2023-08-20 15:10:03,AG-004
ENG-20957,CLI-10427,Driss Slaoui,Mourabaha Auto,146152.54,24,3.97,66,Valide,2025-02-11 12:29:06,AG-009
ENG-20958,CLI-10168,Imane Fikri,Mourabaha Immo,548084.54,120,7.51,66,Debloque,2024-07-16 16:06:15,AG-009
ENG-20959,CLI-10230,Hassan Fassi-Fihri,Credit Tresorerie,631430.26,24,8.74,39,Debloque,2023-05-25 09:02:49,AG-003
ENG-20960,CLI-10234,Hicham Hakim,Ijara,507915.65,240,8.71,35,Debloque,2026-09-02 17:46:53,AG-002
ENG-20961,CLI-10245,Rachid Hakim,Mourabaha Immo,556585.81,240,6.4,64,Debloque,2024-06-18 14:26:03,AG-005
ENG-20962,CLI-10443,Mohamed Fassi-Fihri,Mourabaha Auto,280142.99,60,7.86,77,Debloque,2025-05-28 10:08:31,AG-001
ENG-20963,CLI-10262,Abdellah Jai,Mourabaha Immo,641095.38,240,6.98,95,Debloque,2025-06-26 17:18:11,AG-008
ENG-20964,CLI-10156,Hind Mouline,Investissement PME,643793.78,36,8.82,74,Contentieux,2023-03-28 08:56:02,AG-003
ENG-20965,CLI-10328,Noureddine Fikri,Mourabaha Immo,384459.19,120,4.22,34,Debloque,2025-02-07 08:20:21,AG-009
ENG-20966,CLI-10268,Hicham Sbihi,Mourabaha Immo,459661.05,240,5.84,43,Debloque,2025-05-10 16:33:39,AG-005
ENG-20967,CLI-10301,Fatima Balafrej,Mourabaha Auto,312964.09,36,5.83,76,Debloque,2025-11-14 10:47:00,AG-009
ENG-20968,CLI-10434,Said Erraji,Ijara,318150.91,240,7.37,67,Valide,2023-09-07 10:45:34,AG-002
ENG-20969,CLI-10055,Samira Lamrani,Mourabaha Auto,182381.8,36,6.84,20,Debloque,2023-01-13 08:56:05,AG-002
ENG-20970,CLI-10213,Meryem Bennani,Mourabaha Immo,667108.23,120,4.62,90,Debloque,2023-09-06 15:25:33,AG-005
ENG-20971,CLI-10341,Said Benjelloun,Ijara,473985.7,180,6.05,53,Debloque,2025-09-21 12:30:08,AG-003
ENG-20972,CLI-10442,Imane Fassi-Fihri,Mourabaha Auto,87124.55,24,5.29,31,Debloque,2026-07-22 16:15:46,AG-010
ENG-20973,CLI-10028,Ahmed Bennani,Ijara,467206.77,120,7.05,42,En analyse,2024-04-15 11:59:36,AG-006
ENG-20974,CLI-10495,Hind Mouline,Mourabaha Immo,1113947.91,120,5.29,42,Valide,2024-12-14 10:06:46,AG-004
ENG-20975,CLI-10168,Imane Fikri,Mourabaha Auto,166745.11,36,6.54,38,Valide,2024-06-21 13:44:15,AG-009
ENG-20976,CLI-10439,Khalid Slaoui,Credit Tresorerie,152476.19,12,5.26,59,Valide,2023-08-24 15:47:47,AG-009
ENG-20977,CLI-10113,Samira Benjelloun,Mourabaha Immo,578457.41,120,6.64,53,Surveillance,2026-10-23 09:11:57,AG-002
ENG-20978,CLI-10423,Asmaa Fikri,Credit Tresorerie,277757.79,36,5.91,43,Debloque,2026-02-06 08:21:15,AG-003
ENG-20979,CLI-10306,Driss Jai,Ijara,192525.73,120,4.68,61,Valide,2024-03-05 08:51:43,AG-004
ENG-20980,CLI-10051,Samira Sbihi,Mourabaha Immo,392262.11,180,5.68,26,Debloque,2024-01-02 12:48:35,AG-001
ENG-20981,CLI-10416,Imane Sbihi,Investissement PME,2539011.57,84,5.42,46,Debloque,2025-11-17 13:11:15,AG-005
ENG-20982,CLI-10202,Karim Idrissi,Investissement PME,1154650.31,36,4.61,55,Contentieux,2024-07-21 09:52:36,AG-007
ENG-20983,CLI-10294,Omar Mouline,Mourabaha Immo,294790.36,120,8.75,93,Surveillance,2023-01-25 10:41:36,AG-006
ENG-20984,CLI-10475,Noureddine El Fassi,Mourabaha Auto,254854.24,48,7.15,31,Valide,2026-05-21 16:12:03,AG-002
ENG-20985,CLI-10101,Amine Idrissi,Credit Tresorerie,20000,12,4.66,95,Debloque,2023-03-13 08:40:09,AG-007
ENG-20986,CLI-10060,Karim Berrada,Mourabaha Immo,218257.4,120,8.27,78,Debloque,2024-01-04 17:49:47,AG-002
ENG-20987,CLI-10060,Karim Berrada,Mourabaha Immo,667870.41,120,3.73,24,Debloque,2025-11-24 16:48:28,AG-002
ENG-20988,CLI-10102,Asmaa El Amrani,Investissement PME,1816268.33,48,3.7,93,Valide,2026-06-07 16:00:42,AG-006
ENG-20989,CLI-10334,Fatima Mouline,Credit Tresorerie,377641.69,12,4.32,56,Valide,2023-05-01 16:43:25,AG-005
ENG-20990,CLI-10072,Fatima Hakim,Investissement PME,837122.99,36,6.67,61,Contentieux,2024-10-10 14:08:01,AG-001
ENG-20991,CLI-10303,Said Mouline,Mourabaha Immo,969327.25,180,7.47,28,Debloque,2023-04-23 17:38:22,AG-001
ENG-20992,CLI-10356,Ahmed Lamrani,Mourabaha Auto,32325.73,24,7.77,49,Contentieux,2023-03-09 11:27:59,AG-007
ENG-20993,CLI-10168,Imane Fikri,Ijara,289394.45,120,4.67,23,Valide,2023-12-25 10:01:09,AG-009
ENG-20994,CLI-10477,Asmaa Tazi,Mourabaha Immo,779457.08,120,5.49,,Debloque,2026-05-02 10:38:39,AG-001
ENG-20995,CLI-10219,Soukaina Ouazzani,Credit Tresorerie,447589.11,12,8.23,87,Debloque,2023-06-11 12:55:10,AG-009
ENG-20996,CLI-10351,Hicham Bencheikh,Mourabaha Auto,193552.82,24,4.72,56,En analyse,2023-02-01 17:23:58,AG-004
ENG-20997,CLI-10490,Leila Hakim,Ijara,467176.21,180,5.83,59,Debloque,2025-08-19 13:23:18,AG-004
ENG-20998,CLI-10089,Noureddine El Amrani,Investissement PME,906556.5,60,6.14,33,Valide,2025-08-14 08:07:02,AG-002
ENG-20999,CLI-10394,Hind Berrada,Mourabaha Immo,497151.09,120,3.65,72,Debloque,2023-08-13 12:48:05,AG-005
ENG-21000,CLI-10217,Samira Bencheikh,Ijara,259978.66,240,3.57,32,Debloque,2025-08-04 10:37:01,AG-006
ENG-21001,CLI-10056,Soukaina Ouazzani,Investissement PME,939397.16,48,6.3,72,Debloque,2024-01-15 11:21:05,AG-007
ENG-21002,CLI-10417,Amina Sbihi,Credit Tresorerie,146441.9,24,8.83,55,Debloque,2024-07-06 09:45:12,AG-003
ENG-21003,CLI-10094,Mehdi Bencheikh,Mourabaha Immo,553438.69,180,5.84,74,Debloque,2026-01-07 09:35:00,AG-009
ENG-21004,CLI-10344,Salma Mouline,Credit Tresorerie,119563.61,12,6.84,40,Debloque,2026-05-27 14:56:25,AG-005
ENG-21005,CLI-10077,Driss Jai,Mourabaha Immo,370665.29,120,7.35,80,En analyse,2023-05-13 14:27:06,AG-003
ENG-21006,CLI-10170,Meryem Guedira,Mourabaha Auto,260336.54,24,7.65,34,En analyse,2026-11-15 09:58:16,AG-010
ENG-21007,CLI-10121,Omar Benjelloun,Ijara,452508.69,240,6.6,54,Debloque,2025-04-22 09:20:50,AG-010
ENG-21008,CLI-10131,Youssef Jai,Mourabaha Auto,251172.22,24,7.94,58,Debloque,2026-07-26 17:33:31,AG-004
ENG-21009,CLI-10332,Mehdi Hakim,Mourabaha Immo,292995.89,120,7.98,68,Debloque,2025-02-14 14:06:09,AG-004
ENG-21010,CLI-10147,Hassan Tazi,Investissement PME,1785351.54,84,6.14,54,Valide,2024-06-14 10:13:47,AG-005
ENG-21011,CLI-10264,Abdellah Tazi,Mourabaha Auto,227567.56,24,8.98,77,Debloque,2023-12-27 12:10:56,AG-006
ENG-21012,CLI-10490,Leila Hakim,Mourabaha Auto,142852.75,24,4.68,26,Debloque,2024-02-03 14:03:53,AG-004
ENG-21013,CLI-10341,Said Benjelloun,Mourabaha Auto,169955.3,48,4.02,89,Surveillance,2023-04-12 17:36:32,AG-003
ENG-21014,CLI-10454,Said Slaoui,Investissement PME,673186.0,84,8.45,34,En analyse,2026-01-24 16:32:40,AG-002
ENG-21015,CLI-10149,Imane Benjelloun,Investissement PME,582224.0,36,8.84,71,Surveillance,2025-09-05 10:48:07,AG-003
ENG-21016,CLI-10451,Amine Berrada,Credit Tresorerie,285771.35,36,6.32,49,Debloque,2026-09-12 15:59:00,AG-001
ENG-21017,CLI-10032,Rachid Tazi,Credit Tresorerie,297228.63,24,5.26,31,Debloque,2024-04-13 17:05:19,AG-002
ENG-21018,CLI-10047,Rachid Erraji,Mourabaha Auto,233521.41,24,8.64,85,Surveillance,2025-03-20 14:35:57,AG-006
ENG-21019,CLI-10238,Omar Zniber,Mourabaha Auto,100730.14,60,7.16,26,Valide,2025-04-23 09:16:57,AG-004
ENG-21020,CLI-10405,Karim Lamrani,Mourabaha Auto,314668.21,24,5.45,25,Debloque,2024-03-16 12:43:57,AG-001
ENG-21021,CLI-10284,Noureddine Benjelloun,Mourabaha Auto,179411.26,24,7.78,78,Debloque,2026-03-10 08:56:38,AG-003
ENG-21022,CLI-10360,Said Erraji,Mourabaha Auto,222215.71,60,5.61,51,Debloque,2026-01-09 15:32:19,AG-006
ENG-21023,CLI-10228,Meryem Mouline,Mourabaha Immo,667977.05,120,4.38,65,Debloque,2024-11-14 12:34:34,AG-008
ENG-21024,CLI-10258,Hassan Hakim,Investissement PME,1696078.2,48,4.96,71,Debloque,2024-10-02 14:08:16,AG-001
ENG-21025,CLI-10078,Karim Erraji,Investissement PME,1509872.48,36,5.84,28,En analyse,2023-04-27 09:37:57,AG-002
ENG-21026,CLI-10372,Asmaa El Fassi,Mourabaha Immo,536124.17,240,7.66,40,Contentieux,2024-12-14 09:14:13,AG-009
ENG-21027,CLI-10209,Youssef Slaoui,Credit Tresorerie,73324.87,12,8.55,61,Debloque,2023-07-11 08:58:10,AG-007
ENG-21028,CLI-10490,Leila Hakim,Mourabaha Immo,1125770.79,180,6.23,53,Valide,2023-07-11 08:55:12,AG-004
ENG-21029,CLI-10141,Leila Bencheikh,Mourabaha Immo,414989.09,120,6.09,81,Surveillance,2023-09-05 12:38:34,AG-007
ENG-21030,CLI-10280,Youssef El Amrani,Mourabaha Auto,162557.05,24,8.26,79,Debloque,2024-02-09 09:28:17,AG-005
ENG-21031,CLI-10435,Nadia Zniber,Investissement PME,2066466.53,48,8.56,68,Surveillance,2026-10-22 16:39:51,AG-003
ENG-21032,CLI-10358,Leila Mouline,Investissement PME,683191.57,84,7.33,90,Debloque,2026-10-10 09:20:21,AG-006
ENG-21033,CLI-10161,Driss Fikri,Credit Tresorerie,,12,7.47,43,En analyse,2026-06-08 14:56:44,AG-008
ENG-21034,CLI-10243,Khadija Guedira,Mourabaha Immo,631387.28,240,7.51,49,Debloque,2026-04-14 13:15:26,AG-002
ENG-21035,CLI-10332,Mehdi Hakim,Mourabaha Immo,311840.95,180,6.8,68,Debloque,2023-01-20 17:19:51,AG-004
ENG-21036,CLI-10272,Imane Alaoui,Investissement PME,1903588.61,60,4.48,57,Surveillance,2026-11-28 12:50:57,AG-010
ENG-21037,CLI-10286,Imane Benjelloun,Mourabaha Auto,192822.68,48,7.84,53,Valide,2025-06-14 13:31:48,AG-004
ENG-21038,CLI-10276,Hind Fikri,Credit Tresorerie,364479.42,,5.98,59,Debloque,2024-04-26 16:51:38,AG-008
ENG-21039,CLI-10439,Khalid Slaoui,Mourabaha Auto,344207.52,60,7.81,43,Debloque,2025-12-10 08:06:25,AG-009
ENG-21040,CLI-10310,Ahmed Berrada,Mourabaha Auto,281640.32,36,8.59,21,Debloque,2026-03-28 10:07:11,AG-003
ENG-21041,CLI-10093,Hicham Mouline,Investissement PME,1823402.41,84,7.32,80,Valide,2024-06-20 09:24:01,AG-010
ENG-21042,CLI-10091,Hind El Fassi,Mourabaha Immo,398161.52,120,4.01,84,Debloque,2025-09-26 16:40:24,AG-008
ENG-21043,CLI-10004,Hicham Benjelloun,Mourabaha Auto,263799.26,60,6.74,70,Debloque,2026-09-05 11:55:05,AG-009
ENG-21044,CLI-10305,Said Bencheikh,Credit Tresorerie,237309.62,24,5.94,21,Surveillance,2025-08-05 14:50:16,AG-003
ENG-21045,CLI-10327,Amine Jai,Credit Tresorerie,567181.51,12,3.79,87,Valide,2026-06-08 14:22:44,AG-002
ENG-21046,CLI-10198,Hicham Sbihi,Credit Tresorerie,452997.25,36,3.76,90,Debloque,2024-06-09 16:11:19,AG-001
ENG-21047,CLI-10344,Salma Mouline,Mourabaha Auto,238165.93,48,5.49,54,En analyse,2026-05-10 13:18:41,AG-005
ENG-21048,CLI-10379,Youssef Fassi-Fihri,Mourabaha Immo,308844.92,120,8.15,29,Valide,2024-03-23 15:18:49,AG-001
ENG-21049,CLI-10392,Mohamed Slaoui,Mourabaha Auto,480846.08,24,5.98,70,Inconnu,2024-11-10 10:31:10,AG-001
ENG-21050,CLI-10195,Youssef El Fassi,Mourabaha Auto,174502.25,24,8.44,65,Debloque,2023-02-20 14:15:52,AG-010
ENG-21051,CLI-10326,Karim Tazi,Mourabaha Immo,107525.38,120,5.29,89,Debloque,2024-05-20 11:21:54,AG-002
ENG-21052,CLI-10157,Mehdi Slaoui,Mourabaha Immo,816395.45,240,7.83,33,Debloque,2026-08-16 16:18:32,AG-007
ENG-21053,CLI-10432,Khadija Ouazzani,Ijara,364696.14,180,8.54,66,Valide,2026-01-27 16:13:52,AG-006
ENG-21054,CLI-10186,Khadija Slaoui,Mourabaha Auto,171844.08,60,6.82,47,Debloque,2023-01-21 13:15:41,AG-009
ENG-21055,CLI-10076,Asmaa Zniber,Ijara,689104.36,180,8.31,69,Debloque,2026-10-17 16:49:09,AG-010
ENG-21056,CLI-10392,Mohamed Slaoui,Mourabaha Auto,181082.31,24,5.18,60,Debloque,2024-08-04 12:53:28,AG-001
ENG-21057,CLI-10130,Hassan Slaoui,Ijara,648588.02,240,8.93,89,Debloque,2026-12-09 10:17:08,AG-002
ENG-21058,CLI-10426,Ahmed Sbihi,Mourabaha Auto,309434.85,36,6.76,40,Debloque,2024-10-26 09:09:07,AG-005
ENG-21059,CLI-10338,Meryem Kabbaj,Ijara,731086.51,120,8.69,92,Valide,2024-09-28 16:59:03,AG-003
ENG-21060,CLI-10286,Imane Benjelloun,Investissement PME,1454458.54,48,4.3,25,Debloque,2023-03-08 10:56:00,AG-004
ENG-21061,CLI-10237,Zineb Erraji,Ijara,906457.2,240,8.13,91,Surveillance,2026-12-13 09:00:35,AG-001
ENG-21062,CLI-10191,Amina Fikri,Ijara,678821.16,120,5.09,50,Surveillance,2025-06-21 11:41:05,AG-005
ENG-21063,CLI-10387,Khadija Sbihi,Mourabaha Immo,470543.7,240,7.03,44,Valide,2026-10-11 09:02:00,AG-004
ENG-21064,CLI-10396,Samira Fassi-Fihri,Investissement PME,1712793.67,84,8.09,71,Surveillance,2023-06-27 12:21:47,AG-005
ENG-21065,CLI-10225,Amine Slaoui,Credit Tresorerie,106065.06,12,5.9,69,Debloque,2023-02-01 14:58:23,AG-008
ENG-21066,CLI-10045,Samira Erraji,Mourabaha Auto,300503.57,36,8.93,20,Debloque,2025-02-13 17:52:59,AG-008
ENG-21067,CLI-10138,Ahmed El Amrani,Mourabaha Auto,162201.68,24,5.52,91,Debloque,2026-07-18 11:18:35,AG-006
ENG-21068,CLI-10274,Zineb Benjelloun,Mourabaha Auto,268574.28,60,4.38,78,Debloque,2024-09-14 16:35:33,AG-004
ENG-21069,CLI-10290,Mohamed Jai,Mourabaha Immo,362711.42,240,6.17,29,Debloque,2025-10-14 10:23:29,AG-004
ENG-21070,CLI-10292,Noureddine Zniber,Ijara,304855.47,180,3.63,50,Valide,2023-03-14 13:29:54,AG-002
ENG-21071,CLI-10268,Hicham Sbihi,Mourabaha Auto,330090.91,24,5.16,30,Debloque,2023-10-12 10:04:50,AG-005
ENG-21072,CLI-10172,Omar Erraji,Ijara,410515.11,120,6.03,78,Valide,2023-11-24 10:31:18,AG-004
ENG-21073,CLI-10095,Zineb Hakim,Mourabaha Auto,365671.94,36,5.04,95,Debloque,2024-07-09 10:10:09,AG-004
ENG-21074,CLI-10245,Rachid Hakim,Mourabaha Immo,1078717.97,240,3.91,26,Debloque,2025-12-24 13:17:58,AG-005
ENG-21075,CLI-10422,Nadia Benjelloun,Mourabaha Auto,184911.45,24,5.25,84,Valide,2024-03-28 13:31:53,AG-010
ENG-21076,CLI-10481,Mohamed Guedira,Mourabaha Auto,188860.69,24,6.98,48,Surveillance,2025-07-09 08:29:10,AG-005
ENG-21077,CLI-10070,Driss Hakim,Mourabaha Immo,706268.22,240,4.4,91,Debloque,2025-01-02 09:31:33,AG-010
ENG-21078,CLI-10468,Rachid Sbihi,Credit Tresorerie,20000,12,4.39,53,Debloque,2024-02-05 14:04:24,AG-010
ENG-21079,CLI-10278,Asmaa Hakim,Investissement PME,1225766.89,84,3.86,64,Surveillance,2023-02-04 17:23:00,AG-006
ENG-21080,CLI-10433,Hassan Slaoui,Ijara,195558.83,120,8.9,31,Valide,2026-02-24 08:47:23,AG-005
ENG-21081,CLI-10419,Soukaina Zniber,Credit Tresorerie,49200.95,12,4.6,24,Debloque,2026-10-11 08:00:30,AG-001
ENG-21082,CLI-10359,Salma Sbihi,Credit Tresorerie,401438.06,36,3.98,84,Debloque,2025-09-23 13:44:18,AG-003
ENG-21083,CLI-10331,Abdellah Erraji,Mourabaha Immo,434613.58,240,6.55,47,Surveillance,2026-06-05 17:16:17,AG-004
ENG-21084,CLI-10393,Salma Benjelloun,Mourabaha Immo,,240,3.98,85,Surveillance,2026-04-26 12:51:34,AG-002
ENG-21085,CLI-10133,Hassan Mouline,Mourabaha Immo,637081.33,240,6.86,48,Debloque,2023-08-10 11:56:50,AG-008
ENG-21086,CLI-10185,Khadija Benjelloun,Ijara,643663.66,240,7.7,50,Valide,2024-07-17 08:25:55,AG-006
ENG-21087,CLI-10280,Youssef El Amrani,Ijara,395205.96,240,6.51,52,Surveillance,2024-09-10 10:20:51,AG-005
ENG-21088,CLI-10472,Leila Lamrani,Investissement PME,1050857.01,60,5.73,37,Debloque,2025-06-02 15:52:28,AG-010
ENG-21089,CLI-10361,Fatima Balafrej,Mourabaha Immo,591560.06,180,3.94,70,Valide,2024-12-27 08:38:02,AG-009
ENG-21090,CLI-10171,Meryem Benjelloun,Credit Tresorerie,644928.8,24,4.09,83,Debloque,2025-12-01 17:06:56,AG-007
ENG-21091,CLI-10487,Ahmed Jai,Mourabaha Immo,1233340.97,180,4.02,22,Valide,2025-12-15 14:03:43,AG-007
ENG-21092,CLI-10087,Imane El Amrani,Mourabaha Auto,315188.61,60,7.44,67,Surveillance,2025-05-23 09:43:11,AG-003
ENG-21093,CLI-10458,Amina Tazi,Mourabaha Immo,519187.57,180,7.82,92,Debloque,2023-01-06 14:48:51,AG-008
ENG-21094,CLI-10026,Abdellah Benjelloun,Mourabaha Immo,989558.2,120,5.35,43,Surveillance,2025-11-22 17:16:28,AG-005
ENG-21095,CLI-10317,Hicham Bencheikh,Mourabaha Immo,435680.49,180,4.05,76,Debloque,2024-08-20 16:03:59,AG-004
ENG-21096,CLI-10381,Said Kabbaj,Mourabaha Auto,181361.17,48,7.04,49,Debloque,2023-01-01 14:18:43,AG-001
ENG-21097,CLI-10497,Mohamed Lamrani,Mourabaha Immo,575874.87,240,4.15,55,Valide,2023-04-14 08:32:39,AG-006
ENG-21098,CLI-10390,Abdellah Jai,Mourabaha Immo,560817.96,120,6.49,32,Contentieux,2025-10-20 10:34:22,AG-010
ENG-21099,CLI-10385,Asmaa Berrada,Mourabaha Immo,439306.44,120,3.75,69,En analyse,2023-07-16 17:36:00,AG-002
ENG-21100,CLI-10204,Ahmed Bencheikh,Mourabaha Auto,307561.68,24,3.91,69,Debloque,2026-05-02 11:30:32,AG-002
ENG-21101,CLI-10349,Abdellah Bencheikh,Mourabaha Immo,707881.89,120,6.64,56,Valide,2025-04-01 08:25:31,AG-001
ENG-21102,CLI-10389,Asmaa El Amrani,Credit Tresorerie,163003.01,12,5.34,21,Valide,2025-01-03 15:13:24,AG-005
ENG-21103,CLI-10067,Zineb Mouline,Credit Tresorerie,427337.87,36,4.9,94,En analyse,2024-11-19 10:14:50,AG-002
ENG-21104,CLI-10170,Meryem Guedira,Credit Tresorerie,474306.01,12,3.58,24,Debloque,2026-11-02 13:15:00,AG-010
ENG-21105,CLI-10492,Hind Lamrani,Ijara,442768.06,120,3.58,-5,En analyse,2026-08-08 10:39:59,AG-003
ENG-21106,CLI-10172,Omar Erraji,Mourabaha Auto,170481.9,60,5.28,92,Surveillance,2023-03-19 17:49:27,AG-004
ENG-21107,CLI-10203,Meryem Jai,Mourabaha Immo,593533.95,240,7.92,999,Debloque,2024-08-12 13:33:11,AG-006
ENG-21108,CLI-10456,Zineb Bennani,Mourabaha Immo,473511.82,240,4.19,76,Valide,2025-03-08 16:00:11,AG-008
ENG-21109,CLI-10359,Salma Sbihi,Investissement PME,3113314.94,48,3.87,87,Debloque,2026-12-01 13:36:06,AG-003
ENG-21110,CLI-10396,Samira Fassi-Fihri,Mourabaha Immo,1130515.41,180,4.66,67,Valide,2023-12-19 13:36:47,AG-005
ENG-21111,CLI-10499,Ahmed Benjelloun,Ijara,380973.67,240,6.34,26,Debloque,2025-04-16 16:48:51,AG-003
ENG-21112,CLI-10440,Ahmed Sbihi,Mourabaha Immo,437520.06,240,8.88,39,Debloque,2026-03-26 16:17:21,AG-009
ENG-21113,CLI-10160,Samira Tazi,Credit Tresorerie,24895.5,12,4.42,81,Valide,2023-03-18 11:39:18,AG-009
ENG-21114,CLI-10321,Ahmed Bennani,Investissement PME,122518.66,48,4.24,39,En analyse,2023-05-09 15:17:41,AG-003
ENG-21115,CLI-10068,Rachid Mouline,Investissement PME,2842015.07,36,5.82,66,Debloque,2024-12-01 10:47:40,AG-002
ENG-21116,CLI-10066,Hicham Fikri,Mourabaha Immo,344562.87,120,8.88,55,Surveillance,2024-04-28 10:08:45,AG-003
ENG-21117,CLI-10184,Khalid Lamrani,Credit Tresorerie,513637.74,12,5.55,-5,En analyse,2024-09-03 14:21:56,AG-009
ENG-21118,CLI-10101,Amine Idrissi,Mourabaha Immo,714245.74,120,5.39,49,Surveillance,2026-08-15 13:25:57,AG-007
ENG-21119,CLI-10313,Rachid Kabbaj,Ijara,351106.61,120,7.08,31,,2023-08-10 14:55:38,AG-003
ENG-21120,CLI-10384,Zineb Tazi,Investissement PME,1231184.12,48,4.16,23,Valide,2025-02-20 14:25:10,AG-002
ENG-21121,CLI-10042,Youssef Bennani,Credit Tresorerie,338012.64,24,3.58,27,Debloque,2025-07-27 14:29:48,AG-001
ENG-21122,CLI-10021,Zineb Berrada,Ijara,519293.94,240,5.67,39,En analyse,2026-06-12 08:19:37,AG-007
ENG-21123,CLI-10391,Ahmed El Amrani,Mourabaha Auto,340513.04,60,5.65,45,Debloque,2024-12-08 17:26:22,AG-010
ENG-21124,CLI-10086,Zineb Balafrej,Ijara,329015.8,120,8.16,69,Valide,2023-02-10 10:16:13,AG-004
ENG-21125,CLI-10341,Said Benjelloun,Mourabaha Immo,515348.29,240,6.55,61,Valide,2024-02-22 16:54:32,AG-003
ENG-21126,CLI-10489,Mehdi Erraji,Mourabaha Immo,372737.37,240,6.21,32,Debloque,2026-03-21 11:46:19,AG-003
ENG-21127,CLI-10365,Mohamed Erraji,Mourabaha Immo,302360.8,180,4.71,91,Valide,2024-03-24 12:29:11,AG-009
ENG-21128,CLI-10342,Imane Hakim,Mourabaha Immo,294469.94,240,4.8,51,Valide,2024-01-26 11:04:05,AG-009
ENG-21129,CLI-10188,Nadia Mouline,Credit Tresorerie,209322.87,24,8.89,54,Debloque,2026-12-13 17:43:17,AG-003
ENG-21130,CLI-10408,Asmaa El Amrani,Ijara,372270.51,240,7.42,54,Debloque,2025-04-12 11:27:23,AG-001
ENG-21131,CLI-10439,Khalid Slaoui,Mourabaha Immo,302308.39,240,5.6,28,Debloque,2025-03-03 10:21:18,AG-009
ENG-21132,CLI-10275,Leila Guedira,Mourabaha Auto,284216.61,24,6.65,59,Debloque,2025-03-25 14:38:09,AG-007
ENG-21133,CLI-10482,Noureddine Berrada,Ijara,260576.04,180,4.5,50,En analyse,2025-03-08 13:49:45,AG-003
ENG-21134,CLI-10061,Omar Mouline,Mourabaha Immo,929647.16,180,4.17,56,En analyse,2025-11-18 17:12:15,AG-004
ENG-21135,CLI-10081,Driss Fassi-Fihri,Investissement PME,1337514.1,60,8.37,47,Debloque,2023-08-19 14:14:42,AG-008
ENG-21136,CLI-10116,Rachid Fikri,Mourabaha Immo,356269.88,240,8.47,23,Debloque,2023-08-17 13:58:10,AG-003
ENG-21137,CLI-10062,Mohamed Slaoui,Mourabaha Immo,801613.0,240,5.04,40,Valide,2025-12-06 14:56:57,AG-004
ENG-21138,CLI-10236,Khalid Fassi-Fihri,Mourabaha Immo,384159.65,240,7.08,83,En analyse,2026-04-21 10:55:41,AG-010
ENG-21139,CLI-10347,Hassan Hakim,Mourabaha Immo,199172.74,240,8.01,48,Surveillance,2026-08-05 17:27:25,AG-009
ENG-21140,CLI-10209,Youssef Slaoui,Mourabaha Immo,695806.79,180,3.52,55,Surveillance,2023-11-23 13:52:09,AG-007
ENG-21141,CLI-10478,Youssef Fassi-Fihri,Ijara,598056.74,180,,25,En analyse,2024-08-28 10:46:08,AG-009
ENG-21142,CLI-10238,Omar Zniber,Mourabaha Auto,334639.86,36,4.16,23,Debloque,2024-10-23 09:49:58,AG-004
ENG-21143,CLI-10204,Ahmed Bencheikh,Ijara,426620.83,120,8.5,45,Valide,2026-10-12 13:45:09,AG-002
ENG-21144,CLI-10201,Mohamed Erraji,Mourabaha Immo,538760.82,240,3.65,43,Debloque,2026-04-12 10:46:23,AG-005
ENG-21145,CLI-10181,Soukaina Mouline,Credit Tresorerie,444697.49,12,4.32,39,Debloque,2026-04-23 17:12:57,AG-005
ENG-21146,CLI-10312,Ahmed Tazi,Mourabaha Immo,402831.83,180,5.5,80,Debloque,2024-06-08 10:14:27,AG-010
ENG-21147,CLI-10260,Leila Bencheikh,Ijara,574678.26,120,6.53,78,En analyse,2024-07-20 15:50:07,AG-007
ENG-21148,CLI-10414,Hassan Zniber,Mourabaha Immo,547052.72,120,5.6,32,En analyse,2023-03-13 09:22:41,AG-001
ENG-21149,CLI-10422,Nadia Benjelloun,Investissement PME,2411368.25,48,7.38,83,Debloque,2026-12-25 12:34:55,AG-010
ENG-21150,CLI-10207,Khadija Fassi-Fihri,Ijara,778943.06,180,5.93,53,Valide,2024-04-23 10:09:10,AG-006
ENG-21151,CLI-10261,Meryem Fassi-Fihri,Mourabaha Immo,1140876.88,180,8.98,64,Debloque,2024-12-27 10:11:46,AG-002
ENG-21152,CLI-10208,Youssef Tazi,Mourabaha Immo,807619.76,120,8.02,63,Valide,2023-07-08 15:55:51,AG-006
ENG-21153,CLI-10438,Khadija Jai,Mourabaha Auto,187565.3,60,5.02,50,En analyse,2025-04-28 16:19:49,AG-003
ENG-21154,CLI-10288,Abdellah Berrada,Mourabaha Immo,483329.84,120,8.39,29,Valide,2026-03-13 08:32:50,AG-008
ENG-21155,,Mehdi Fikri,Mourabaha Immo,494797.3,180,5.62,60,Debloque,2026-01-12 13:16:36,AG-010
ENG-21156,CLI-10338,Meryem Kabbaj,Mourabaha Immo,440256.64,120,5.85,54,En analyse,2025-06-14 12:01:36,AG-003
ENG-21157,CLI-10047,Rachid Erraji,Mourabaha Auto,59750.17,48,5.98,,Debloque,2024-01-16 08:51:08,AG-006
ENG-21158,CLI-10500,Asmaa Ouazzani,Mourabaha Immo,855603.88,120,3.89,83,En analyse,2023-03-10 09:12:36,AG-008
ENG-21159,CLI-10367,Khadija Erraji,Ijara,543997.21,240,6.62,78,Debloque,2026-04-03 10:27:31,AG-007
ENG-21160,CLI-10119,Meryem Jai,Mourabaha Immo,693025.93,240,8.92,43,Valide,2026-11-25 08:29:21,AG-010
ENG-21161,CLI-10494,Salma Balafrej,Ijara,243363.17,180,5.44,46,Surveillance,2025-04-04 17:05:40,AG-001
ENG-21162,CLI-10169,Driss Sbihi,Mourabaha Immo,399794.51,120,8.75,94,Debloque,2024-04-04 10:02:10,AG-003
ENG-21163,CLI-10036,Hind Guedira,Ijara,510618.74,180,5.0,56,Debloque,2026-05-16 08:45:03,AG-001
ENG-21164,CLI-10238,Omar Zniber,Ijara,504560.6,180,6.5,75,Debloque,2025-10-15 17:28:59,AG-004
ENG-21165,CLI-10482,Noureddine Berrada,Mourabaha Immo,475851.71,180,5.85,24,Valide,2025-01-01 14:15:22,AG-003
ENG-21166,CLI-10113,Samira Benjelloun,Ijara,317475.87,120,6.74,69,Contentieux,2026-10-06 15:28:05,AG-002
ENG-21167,CLI-10326,Karim Tazi,Mourabaha Auto,221729.39,60,4.73,46,En analyse,2025-10-15 08:11:23,AG-002
ENG-21168,CLI-10083,Asmaa Mouline,Ijara,413618.73,180,5.77,46,Debloque,2024-02-28 13:39:18,AG-008
ENG-21169,CLI-10318,Amine Tazi,Credit Tresorerie,437144.46,36,5.66,56,Debloque,2026-04-10 13:48:16,AG-003
ENG-21170,CLI-10483,Imane Fassi-Fihri,Investissement PME,941505.23,48,5.19,52,Debloque,2025-10-04 14:36:59,AG-005
ENG-21171,CLI-10126,Fatima Guedira,Mourabaha Auto,268723.4,48,5.02,77,Valide,2025-07-09 08:33:48,AG-003
ENG-21172,CLI-10337,Zineb Fassi-Fihri,Mourabaha Auto,318735.4,36,4.3,26,Debloque,2026-03-20 15:46:59,AG-001
ENG-21173,CLI-10295,Imane Guedira,Mourabaha Auto,138847.86,48,4.05,40,Valide,2023-10-15 10:03:44,AG-005
ENG-21174,CLI-10441,Khadija Guedira,Ijara,346734.02,120,6.13,58,Surveillance,2025-04-10 14:23:21,AG-006
ENG-21175,CLI-10300,Meryem Hakim,Mourabaha Immo,640042.36,120,3.74,55,Debloque,2025-07-03 10:46:39,AG-006
ENG-21176,CLI-10028,Ahmed Bennani,Credit Tresorerie,259271.71,12,8.43,65,Valide,2023-04-24 15:21:54,AG-006
ENG-21177,CLI-10183,Samira El Fassi,Ijara,239515.49,240,5.36,80,Contentieux,2026-02-19 17:13:04,AG-003
ENG-21178,CLI-10185,Khadija Benjelloun,Mourabaha Auto,165605.17,36,4.93,61,Debloque,2024-02-03 11:59:34,AG-006
ENG-21179,CLI-10025,Hind Hakim,Credit Tresorerie,272412.9,24,4.37,37,En analyse,2024-04-10 15:18:11,AG-010
ENG-21180,CLI-10107,Khalid El Amrani,Mourabaha Auto,298780.12,24,5.16,77,Debloque,2026-09-24 14:50:52,AG-010
ENG-21181,CLI-10015,Leila El Fassi,Mourabaha Immo,791798.78,240,5.23,38,Debloque,2025-07-25 17:03:09,AG-001
ENG-21182,CLI-10335,Hicham Jai,Mourabaha Immo,20000,240,8.85,76,Surveillance,2023-08-09 11:02:19,AG-010
ENG-21183,CLI-10164,Amine Kabbaj,Mourabaha Immo,680546.01,180,8.71,40,Valide,2025-07-13 13:11:28,AG-002
ENG-21184,CLI-10374,Hicham Bennani,Credit Tresorerie,676985.77,12,4.59,-5,Debloque,2024-10-26 11:00:08,AG-001
ENG-21185,CLI-10294,Omar Mouline,Investissement PME,1376271.02,48,3.62,45,Valide,2026-08-03 09:42:57,AG-006
ENG-21186,CLI-10234,Hicham Hakim,Ijara,840460.36,120,5.91,74,Valide,2026-10-20 13:48:52,AG-002
ENG-21187,CLI-10461,Zineb Jai,Mourabaha Auto,242369.35,36,3.81,42,Surveillance,2025-08-06 11:01:13,AG-008
ENG-21188,CLI-10470,Samira Balafrej,Investissement PME,2562449.64,48,3.76,89,Valide,2023-10-26 08:05:29,AG-010
ENG-21189,CLI-10491,Imane Jai,Mourabaha Immo,843060.07,180,3.82,72,Surveillance,2025-11-18 15:46:49,AG-010
ENG-21190,CLI-10426,Ahmed Sbihi,Credit Tresorerie,189621.45,36,7.0,83,Valide,2025-07-04 17:50:53,AG-005
ENG-21191,CLI-10442,Imane Fassi-Fihri,Mourabaha Immo,495546.72,240,6.48,88,Surveillance,2026-03-26 15:40:09,AG-010
ENG-21192,CLI-10447,Abdellah Balafrej,Investissement PME,2091885.47,48,4.36,25,Debloque,2025-07-13 16:18:45,AG-009
ENG-21193,CLI-10260,Leila Bencheikh,Mourabaha Auto,243300.44,36,6.95,77,Debloque,2023-03-04 10:05:05,AG-007
ENG-21194,CLI-10062,Mohamed Slaoui,Ijara,686575.42,240,3.73,64,Contentieux,2026-12-20 08:42:58,AG-004
ENG-21195,CLI-10461,Zineb Jai,Mourabaha Immo,1013407.14,180,5.1,24,Debloque,2024-10-05 13:06:37,AG-008
ENG-21196,CLI-10317,Hicham Bencheikh,Mourabaha Immo,228016.7,180,4.48,60,Debloque,2023-08-04 10:11:09,AG-004
ENG-21197,CLI-10485,Mohamed Tazi,Ijara,337441.7,180,4.5,22,Debloque,2025-03-05 09:24:11,AG-002
ENG-21198,CLI-10165,Khadija Ouazzani,Mourabaha Auto,306416.76,48,6.75,68,Debloque,2024-04-24 08:44:34,AG-009
ENG-21199,CLI-10104,Abdellah Berrada,Investissement PME,945698.92,36,5.18,86,Debloque,2025-01-09 15:01:51,AG-009
ENG-21200,CLI-10441,Khadija Guedira,Ijara,667141.41,240,5.58,84,Debloque,2023-10-25 13:12:50,AG-006
ENG-21201,CLI-10255,Nadia Fassi-Fihri,Mourabaha Immo,590493.91,180,6.99,46,Valide,2025-07-08 12:11:28,AG-010
ENG-21202,CLI-10243,Khadija Guedira,Mourabaha Immo,503030.31,120,4.38,65,Debloque,2023-07-03 14:22:34,AG-002
ENG-21203,CLI-10015,Leila El Fassi,Mourabaha Auto,85541.83,36,6.76,34,En analyse,2026-04-02 10:37:20,AG-001
ENG-21204,CLI-10341,Said Benjelloun,Mourabaha Auto,219921.56,60,4.78,51,Debloque,2024-11-14 10:52:39,AG-003
ENG-21205,CLI-10341,Said Benjelloun,Mourabaha Auto,372130.55,24,5.34,53,Debloque,2023-11-22 16:21:06,AG-003
ENG-21206,CLI-10371,Mohamed Hakim,Mourabaha Immo,1109151.56,240,6.46,25,En analyse,2024-12-28 10:04:52,AG-007
ENG-21207,CLI-10091,Hind El Fassi,Credit Tresorerie,747227.74,12,5.55,57,Debloque,2023-12-12 16:09:55,AG-008
ENG-21208,CLI-10214,Amine Benjelloun,Ijara,557477.87,180,5.14,21,Valide,2023-09-11 12:35:34,AG-005
ENG-21209,CLI-10385,Asmaa Berrada,Mourabaha Immo,483638.45,180,4.48,84,Surveillance,2026-08-21 16:30:15,AG-002
ENG-21210,CLI-10267,Hind Kabbaj,Mourabaha Immo,829509.2,240,8.78,71,Valide,2026-12-10 09:38:27,AG-008
ENG-21211,CLI-10112,Leila Bennani,Mourabaha Immo,609011.89,240,8.62,38,,2024-03-01 12:44:04,AG-001
ENG-21212,CLI-10130,Hassan Slaoui,Ijara,439909.64,120,5.05,82,Surveillance,2023-02-16 17:28:09,AG-002
ENG-21213,CLI-10209,Youssef Slaoui,Mourabaha Auto,221855.76,24,7.08,85,Debloque,2023-12-18 08:03:14,AG-007
ENG-21214,CLI-10217,Samira Bencheikh,Ijara,199387.69,240,7.29,41,Debloque,2023-01-12 11:47:10,AG-006
ENG-21215,CLI-10100,Imane Hakim,Ijara,425427.82,180,6.97,61,Debloque,2025-04-17 11:35:45,AG-006
ENG-21216,CLI-10353,Noureddine Fikri,Mourabaha Immo,478384.27,180,8.13,41,Debloque,2023-01-15 14:34:44,AG-008
ENG-21217,CLI-10422,Nadia Benjelloun,Ijara,296700.28,120,4.48,91,Contentieux,2024-09-20 14:43:50,AG-010
ENG-21218,CLI-10105,Leila El Fassi,Mourabaha Immo,855954.81,180,5.74,30,Debloque,2023-11-18 14:11:25,AG-008
ENG-21219,CLI-10127,Said Bennani,Ijara,312436.64,120,8.85,44,Valide,2024-04-08 17:09:06,AG-008
ENG-21220,CLI-10435,Nadia Zniber,Ijara,644649.06,120,5.42,43,Debloque,2023-09-16 13:45:48,AG-003
ENG-21221,CLI-10359,Salma Sbihi,Mourabaha Immo,983298.45,180,4.02,25,Debloque,2025-10-06 08:40:57,AG-003
ENG-21222,CLI-10268,Hicham Sbihi,Mourabaha Immo,426201.47,240,7.97,51,Debloque,2024-08-20 15:26:07,AG-005
ENG-21223,CLI-10258,Hassan Hakim,Mourabaha Auto,157795.29,36,6.48,58,Valide,2026-03-24 08:45:52,AG-001
ENG-21224,CLI-10360,Said Erraji,Ijara,673260.28,180,7.33,-5,Debloque,2024-10-28 13:36:53,AG-006
ENG-21225,CLI-10105,Leila El Fassi,Mourabaha Immo,444640.2,120,5.39,48,Debloque,2026-11-21 08:48:28,AG-008
ENG-21226,CLI-10454,Said Slaoui,Mourabaha Immo,705928.06,240,3.62,54,Debloque,2024-10-14 14:37:19,AG-002
ENG-21227,CLI-10317,Hicham Bencheikh,Ijara,536964.18,240,6.02,83,Valide,2025-11-20 17:18:25,AG-004
ENG-21228,CLI-10489,Mehdi Erraji,Ijara,401781.45,240,7.91,58,Valide,2026-04-10 15:33:40,AG-003
ENG-21229,CLI-10205,Mehdi Fikri,Mourabaha Auto,146131.9,60,5.11,94,Debloque,2025-05-11 08:50:38,AG-010
ENG-21230,CLI-10328,Noureddine Fikri,Ijara,250586.44,180,8.32,61,Contentieux,2023-01-06 14:08:29,AG-009
ENG-21231,CLI-10284,Noureddine Benjelloun,Mourabaha Auto,391938.07,36,4.99,52,Debloque,2023-04-01 16:56:34,AG-003
ENG-21232,CLI-10098,Leila El Fassi,Credit Tresorerie,489252.91,12,5.31,59,Debloque,2024-10-20 15:16:53,AG-001
ENG-21233,CLI-10055,Samira Lamrani,Mourabaha Auto,78094.18,24,4.32,77,Debloque,2023-01-01 11:02:43,AG-002
ENG-21234,CLI-10200,Khadija Mouline,Mourabaha Auto,363779.44,60,4.06,65,Debloque,2023-06-13 12:06:35,AG-003
ENG-21235,CLI-10290,Mohamed Jai,Mourabaha Immo,516358.04,180,5.88,92,En analyse,2026-12-01 09:33:30,AG-004
ENG-21236,CLI-10450,Leila Mouline,Mourabaha Auto,201442.88,24,3.67,46,Debloque,2023-01-08 12:58:18,AG-008
ENG-21237,CLI-10497,Mohamed Lamrani,Mourabaha Immo,242902.65,180,6.16,63,Contentieux,2026-06-06 12:02:24,AG-006
ENG-21238,CLI-10399,Youssef Alaoui,Mourabaha Immo,351104.19,180,8.51,75,Surveillance,2024-06-14 10:11:54,AG-005
ENG-21239,CLI-10312,Ahmed Tazi,Mourabaha Immo,512785.53,240,7.13,76,Debloque,2025-08-10 15:57:24,AG-010
ENG-21240,CLI-10148,Mohamed Guedira,Mourabaha Auto,369500.37,48,5.55,48,Debloque,2025-03-04 11:34:14,AG-001
ENG-21241,CLI-10251,Leila Hakim,Credit Tresorerie,294861.43,36,5.41,33,Valide,2023-01-24 11:25:08,AG-004
ENG-21242,CLI-10485,Mohamed Tazi,Mourabaha Immo,739160.73,120,8.61,80,Valide,2024-11-15 15:10:27,AG-002
ENG-21243,CLI-10275,Leila Guedira,Mourabaha Auto,201570.34,48,7.42,61,Debloque,2024-03-19 12:10:43,AG-007
ENG-21244,CLI-10072,Fatima Hakim,Mourabaha Auto,111871.67,48,4.06,34,Contentieux,2025-08-12 17:05:28,AG-001
ENG-21245,CLI-10271,Imane Zniber,Credit Tresorerie,423228.99,12,4.92,78,Valide,2026-04-25 13:40:13,AG-006
ENG-21246,CLI-10073,Imane Balafrej,Mourabaha Immo,487625.26,240,7.52,57,Valide,2026-02-12 17:19:44,AG-007
ENG-21247,CLI-10293,Samira Alaoui,Ijara,381814.41,240,4.62,62,Valide,2023-04-07 09:33:13,AG-005
ENG-21248,CLI-10448,Noureddine El Amrani,Mourabaha Auto,425062.08,36,4.82,86,Surveillance,2024-07-02 16:30:32,AG-001
ENG-21249,CLI-10090,Zineb Sbihi,Credit Tresorerie,,12,6.14,80,Valide,2025-09-14 10:20:43,AG-001
ENG-21250,CLI-10228,Meryem Mouline,Mourabaha Auto,179143.32,60,5.3,47,Surveillance,2024-08-26 16:03:06,AG-008
ENG-21251,CLI-10443,Mohamed Fassi-Fihri,Mourabaha Immo,317431.89,180,5.04,68,Debloque,2026-08-24 14:59:10,AG-001
ENG-21252,CLI-10204,Ahmed Bencheikh,Mourabaha Auto,247782.75,24,8.93,48,Valide,2026-03-19 17:36:16,AG-002
ENG-21253,CLI-10323,Karim Tazi,Mourabaha Auto,331662.73,24,6.85,93,Debloque,2023-12-02 09:03:34,AG-009
ENG-21254,CLI-10175,Khalid Zniber,Ijara,616497.61,240,3.59,49,Debloque,2025-03-04 09:34:38,AG-007
ENG-21255,CLI-10268,Hicham Sbihi,Mourabaha Immo,638776.9,180,5.02,85,Debloque,2025-10-25 17:46:29,AG-005
ENG-21256,CLI-10225,Amine Slaoui,Mourabaha Immo,882011.44,180,8.03,82,Valide,2025-09-05 16:47:07,AG-008
ENG-21257,CLI-10027,Leila Jai,Mourabaha Immo,897948.15,180,7.52,29,Debloque,2025-09-18 11:40:38,AG-009
ENG-21258,CLI-10232,Asmaa Fassi-Fihri,Credit Tresorerie,387279.43,24,3.58,62,Debloque,2025-05-11 09:50:17,AG-007
ENG-21259,CLI-10106,Driss Berrada,Ijara,527623.8,180,8.9,33,En analyse,2024-11-01 11:33:32,AG-006
ENG-21260,CLI-10223,Fatima Balafrej,Credit Tresorerie,211654.85,12,7.76,93,Valide,2026-09-03 12:58:21,AG-006
ENG-21261,CLI-10455,Hind Kabbaj,Credit Tresorerie,227357.22,36,6.65,41,Debloque,2026-08-19 08:23:20,AG-007
ENG-21262,CLI-10442,Imane Fassi-Fihri,Ijara,144547.96,180,6.72,48,Debloque,2025-02-21 13:47:32,AG-010
ENG-21263,CLI-10011,Soukaina El Amrani,Mourabaha Auto,90183.72,48,4.57,70,,2023-02-19 11:50:37,AG-006
ENG-21264,CLI-10065,Khalid Mouline,Credit Tresorerie,496855.29,24,5.19,60,Valide,2024-12-14 08:36:03,AG-005
ENG-21265,CLI-10168,Imane Fikri,Credit Tresorerie,367600.06,36,4.18,56,Valide,2024-05-07 15:13:25,AG-009
ENG-21266,CLI-10408,Asmaa El Amrani,Mourabaha Auto,74704.18,60,4.63,71,Valide,2026-02-07 13:32:46,AG-001
ENG-21267,CLI-10291,Amina Sbihi,Mourabaha Immo,287813.72,120,7.37,62,Debloque,2026-02-12 12:28:42,AG-010
ENG-21268,CLI-10334,Fatima Mouline,Mourabaha Immo,973809.85,180,8.01,50,Debloque,2024-06-12 09:06:24,AG-005
ENG-21269,CLI-10202,Karim Idrissi,Investissement PME,944347.29,48,6.09,43,Debloque,2024-09-20 14:49:41,AG-007
ENG-21270,CLI-10003,Rachid Benjelloun,Mourabaha Immo,387484.8,120,5.12,86,En analyse,2025-05-03 14:04:02,AG-004
ENG-21271,CLI-10320,Fatima Alaoui,Investissement PME,221141.26,48,5.34,58,Debloque,2025-01-12 09:02:12,AG-002
ENG-21272,CLI-10280,Youssef El Amrani,Mourabaha Immo,751620.62,180,8.89,21,Valide,2026-07-07 14:08:59,AG-005
ENG-21273,CLI-10447,Abdellah Balafrej,Mourabaha Immo,399561.75,180,4.14,94,Valide,2025-04-01 17:26:36,AG-009
ENG-21274,CLI-10215,Hassan El Fassi,Ijara,232140.28,180,7.32,20,Debloque,2024-09-18 12:39:32,AG-010
ENG-21275,CLI-10139,Nadia Bencheikh,Credit Tresorerie,258274.03,36,4.8,62,Debloque,2026-03-28 15:07:29,AG-003
ENG-21276,CLI-10101,Amine Idrissi,Mourabaha Immo,434940.76,180,7.93,91,Contentieux,2023-07-27 12:49:46,AG-007
ENG-21277,CLI-10018,Ahmed Tazi,Mourabaha Immo,682148.11,240,8.46,84,Debloque,2026-08-21 13:32:14,AG-007
ENG-21278,CLI-10110,Nadia Erraji,Ijara,401516.41,180,5.97,52,En analyse,2023-10-01 17:58:07,AG-001
ENG-21279,CLI-10179,Zineb Tazi,Mourabaha Immo,747306.28,120,4.52,36,Debloque,2025-05-26 10:02:59,AG-006
ENG-21280,CLI-10336,Ahmed Ouazzani,Credit Tresorerie,23275.43,12,8.42,24,Debloque,2025-08-15 10:00:17,AG-009
ENG-21281,CLI-10034,Noureddine Bencheikh,Mourabaha Immo,457313.37,240,8.11,54,En analyse,2024-03-09 13:49:15,AG-009
ENG-21282,CLI-10330,Hassan Erraji,Mourabaha Immo,318469.19,240,6.15,59,En analyse,2024-03-25 12:34:29,AG-010
ENG-21283,CLI-10078,Karim Erraji,Mourabaha Auto,388877.81,,4.63,42,Debloque,2026-05-26 10:11:18,AG-002
ENG-21284,CLI-10215,Hassan El Fassi,Mourabaha Immo,585054.18,240,8.06,26,En analyse,2025-07-17 14:06:44,AG-010
ENG-21285,CLI-10026,Abdellah Benjelloun,Ijara,342688.14,240,7.09,27,Surveillance,2024-01-02 17:21:49,AG-005
ENG-21286,CLI-10201,Mohamed Erraji,Credit Tresorerie,443250.07,24,7.47,28,Debloque,2024-07-18 17:01:00,AG-005
ENG-21287,CLI-10244,Said Ouazzani,Mourabaha Auto,228209.6,36,4.25,92,Contentieux,2023-08-07 17:29:05,AG-002
ENG-21288,CLI-10399,Youssef Alaoui,Mourabaha Immo,740197.02,180,4.44,999,Valide,2026-10-02 16:30:56,AG-005
ENG-21289,CLI-10073,Imane Balafrej,Mourabaha Immo,774404.94,180,8.29,55,Debloque,2023-08-04 17:10:35,AG-007
ENG-21290,CLI-10494,Salma Balafrej,Mourabaha Immo,559446.23,120,6.0,59,Valide,2023-03-27 11:48:19,AG-001
ENG-21291,CLI-10403,Mehdi Kabbaj,Investissement PME,1819878.19,36,7.06,21,Valide,2024-04-19 12:48:05,AG-003
ENG-21292,CLI-10376,Zineb Hakim,Credit Tresorerie,323569.7,36,7.52,94,Valide,2026-08-06 14:39:01,AG-006
ENG-21293,CLI-10094,Mehdi Bencheikh,Ijara,369467.35,120,,80,Debloque,2026-10-27 12:46:35,AG-009
ENG-21294,CLI-10486,Mohamed Mouline,Mourabaha Immo,333477.51,240,5.47,89,Debloque,2026-01-05 09:06:36,AG-004
ENG-21295,CLI-10164,Amine Kabbaj,Investissement PME,560718.41,36,4.44,75,Debloque,2026-12-10 17:51:34,AG-002
ENG-21296,CLI-10131,Youssef Jai,Ijara,321853.43,180,7.85,85,Debloque,2024-04-15 14:03:58,AG-004
ENG-21297,CLI-10160,Samira Tazi,Ijara,776079.52,180,8.01,91,Contentieux,2023-10-02 15:18:39,AG-009
ENG-21298,CLI-10067,Zineb Mouline,Mourabaha Immo,681678.63,180,3.74,71,Debloque,2024-07-20 10:53:12,AG-002
ENG-21299,CLI-10118,Samira Hakim,Mourabaha Immo,574445.57,180,8.7,25,Debloque,2023-04-19 16:26:20,AG-006
ENG-21300,CLI-10096,Mehdi Fassi-Fihri,Mourabaha Immo,1056724.78,120,4.42,41,Valide,2026-11-24 10:55:00,AG-005
ENG-21301,CLI-10169,Driss Sbihi,Mourabaha Immo,604626.96,120,3.61,90,Debloque,2024-05-24 14:29:15,AG-003
ENG-21302,CLI-10314,Hassan Jai,Mourabaha Immo,698595.88,240,6.37,,Contentieux,2023-05-04 14:51:00,AG-007
ENG-21303,CLI-10291,Amina Sbihi,Mourabaha Auto,205822.16,36,7.27,45,Surveillance,2026-12-23 17:02:24,AG-010
ENG-21304,CLI-10279,Imane Kabbaj,Investissement PME,875172.99,36,8.69,90,Debloque,2025-07-08 08:03:01,AG-001
ENG-21305,,Khalid Fikri,Credit Tresorerie,158171.74,12,4.87,35,Surveillance,2024-08-03 09:33:56,AG-004
ENG-21306,CLI-10310,Ahmed Berrada,Mourabaha Auto,183282.57,48,7.32,62,Debloque,2025-03-01 11:40:16,AG-003
ENG-21307,CLI-10341,Said Benjelloun,Mourabaha Immo,508861.09,120,5.03,72,En analyse,2025-07-19 17:38:16,AG-003
ENG-21308,CLI-10456,Zineb Bennani,Mourabaha Auto,212574.06,60,5.88,38,Debloque,2023-01-18 10:17:56,AG-008
ENG-21309,CLI-10009,Hassan Idrissi,Credit Tresorerie,249426.2,12,7.29,39,Surveillance,2024-09-15 17:59:49,AG-008
ENG-21310,CLI-10001,Noureddine Jai,Mourabaha Immo,288309.36,180,4.27,87,Valide,2023-08-09 13:57:08,AG-009
ENG-21311,CLI-10405,Karim Lamrani,Credit Tresorerie,165280.3,24,4.38,48,Valide,2026-01-01 12:05:10,AG-001
ENG-21312,CLI-10396,Samira Fassi-Fihri,Mourabaha Auto,273353.56,36,6.53,62,Valide,2023-11-14 09:40:11,AG-005
ENG-21313,CLI-10499,Ahmed Benjelloun,Mourabaha Immo,448846.68,,4.13,24,En analyse,2024-04-02 12:27:26,AG-003
ENG-21314,CLI-10288,Abdellah Berrada,Mourabaha Immo,535197.2,120,6.02,23,En analyse,2024-04-05 17:47:59,AG-008
ENG-21315,CLI-10036,Hind Guedira,Ijara,582352.43,180,8.71,67,En analyse,2026-07-25 13:14:52,AG-001
ENG-21316,CLI-10375,Rachid El Amrani,Credit Tresorerie,591243.95,24,5.22,25,Contentieux,2025-11-06 10:28:26,AG-004
ENG-21317,CLI-10437,Samira Mouline,Mourabaha Auto,76463.72,24,6.92,62,Valide,2025-08-24 11:46:19,AG-008
ENG-21318,CLI-10077,Driss Jai,Mourabaha Immo,949865.83,180,6.57,73,En analyse,2026-09-06 10:20:48,AG-003
ENG-21319,CLI-10348,Asmaa Balafrej,Mourabaha Immo,171271.44,180,5.99,20,Debloque,2026-12-26 14:59:22,AG-001
ENG-21320,CLI-10401,Noureddine Ouazzani,Ijara,519490.86,120,8.21,55,Contentieux,2026-07-28 16:28:32,AG-007
ENG-21321,CLI-10139,Nadia Bencheikh,Mourabaha Auto,248378.31,24,7.14,94,En analyse,2024-06-01 08:26:59,AG-003
ENG-21322,CLI-10262,Abdellah Jai,Mourabaha Immo,816079.23,240,6.16,58,Contentieux,2024-04-11 12:51:13,AG-008
ENG-21323,CLI-10158,Zineb Alaoui,Mourabaha Auto,329559.56,36,8.71,39,En analyse,2026-05-20 13:10:22,AG-006
ENG-21324,CLI-10403,Mehdi Kabbaj,Mourabaha Immo,276572.3,180,7.13,55,Debloque,2023-02-04 17:31:49,AG-003
ENG-21325,CLI-10282,Fatima Idrissi,Mourabaha Immo,691460.43,240,5.86,59,Valide,2025-09-28 16:51:11,AG-003
ENG-21326,CLI-10271,Imane Zniber,Ijara,,240,7.91,88,En analyse,2026-07-09 08:22:54,AG-006
ENG-21327,CLI-10094,Mehdi Bencheikh,Mourabaha Immo,676692.01,120,7.11,55,En analyse,2024-04-28 08:07:45,AG-009
ENG-21328,CLI-10160,Samira Tazi,Mourabaha Auto,251057.09,60,3.52,50,Debloque,2023-12-24 16:24:03,AG-009
ENG-21329,CLI-10104,Abdellah Berrada,Mourabaha Immo,550667.55,240,5.96,95,Debloque,2023-02-03 12:02:00,AG-009
ENG-21330,CLI-10471,Hassan Ouazzani,Investissement PME,1948636.44,36,4.82,83,Debloque,2026-11-18 14:02:49,AG-010
ENG-21331,CLI-10453,Asmaa Jai,Mourabaha Auto,82775.41,48,7.26,26,Debloque,2025-02-19 12:54:40,AG-004
ENG-21332,CLI-10269,Meryem Sbihi,Mourabaha Immo,986069.82,180,8.57,35,En analyse,2026-06-08 13:33:10,AG-006
ENG-21333,CLI-10012,Nadia Sbihi,Ijara,590598.26,180,6.37,20,Debloque,2026-10-25 08:45:14,AG-004
ENG-21334,CLI-10485,Mohamed Tazi,Ijara,475298.87,180,3.65,85,Valide,2026-03-05 11:43:38,AG-002
ENG-21335,CLI-10302,Amine El Amrani,Mourabaha Auto,127096.41,24,6.45,82,Valide,2024-01-15 14:35:55,AG-001
ENG-21336,CLI-10463,Khadija Kabbaj,Mourabaha Immo,601897.18,180,6.51,90,Debloque,2025-08-28 16:02:00,AG-006
ENG-21337,CLI-10132,Driss Zniber,Mourabaha Auto,158735.64,36,4.67,70,Contentieux,2024-02-13 17:02:50,AG-010
ENG-21338,CLI-10309,Mohamed Ouazzani,Mourabaha Auto,271559.57,60,6.53,78,Valide,2026-01-13 15:43:43,AG-008
ENG-21339,CLI-10224,Hind Lamrani,Mourabaha Auto,458267.02,48,7.33,38,En analyse,2023-12-04 14:57:19,AG-004
ENG-21340,CLI-10199,Ahmed Bennani,Mourabaha Immo,1011290.96,180,8.6,47,Valide,2023-11-17 12:57:50,AG-005
ENG-21341,CLI-10435,Nadia Zniber,Mourabaha Immo,598807.47,240,8.26,93,Valide,2025-09-03 11:01:00,AG-003
ENG-21342,CLI-10055,Samira Lamrani,Mourabaha Auto,179279.23,24,7.98,60,Surveillance,2023-03-04 13:58:04,AG-002
ENG-21343,CLI-10369,Imane Alaoui,Ijara,467056.81,180,7.34,71,Debloque,2024-04-22 17:55:21,AG-007
ENG-21344,CLI-10282,Fatima Idrissi,Mourabaha Immo,290862.28,120,5.29,35,Surveillance,2025-08-14 12:49:09,AG-003
ENG-21345,CLI-10420,Mehdi Bencheikh,Credit Tresorerie,515770.13,12,5.26,51,Debloque,2025-12-25 09:08:34,AG-002
ENG-21346,CLI-10464,Samira Jai,Ijara,135579.22,180,5.31,32,Valide,2025-10-16 16:06:21,AG-003
ENG-21347,CLI-10080,Said Alaoui,Ijara,309748.84,240,7.97,79,Valide,2026-01-05 12:50:18,AG-004
ENG-21348,CLI-10378,Omar El Fassi,Credit Tresorerie,240404.96,24,7.74,74,Debloque,2026-03-02 13:04:28,AG-007
ENG-21349,CLI-10236,Khalid Fassi-Fihri,Mourabaha Immo,703760.38,180,5.61,53,Debloque,2026-09-21 11:30:42,AG-010
ENG-21350,CLI-10111,Nadia El Fassi,Mourabaha Immo,321809.47,180,5.19,49,Debloque,2024-08-10 09:53:19,AG-008
ENG-21351,CLI-10167,Hind Idrissi,Mourabaha Auto,276706.56,36,6.59,62,Valide,2026-11-17 14:09:57,AG-009
ENG-21352,CLI-10285,Soukaina Kabbaj,Ijara,229494.32,180,8.98,77,Debloque,2025-03-01 15:41:57,AG-004
ENG-21353,CLI-10106,Driss Berrada,Mourabaha Immo,778739.45,240,4.64,63,Valide,2026-08-14 10:22:38,AG-006
ENG-21354,CLI-10458,Amina Tazi,Ijara,390456.54,240,6.27,80,Debloque,2026-11-23 08:51:16,AG-008
ENG-21355,CLI-10480,Mehdi Bennani,Ijara,211504.75,120,3.82,62,Debloque,2024-05-01 13:50:01,AG-001
ENG-21356,CLI-10484,Youssef Hakim,Credit Tresorerie,484532.41,12,6.11,93,Debloque,2023-06-20 15:27:16,AG-002
ENG-21357,CLI-10161,Driss Fikri,Mourabaha Immo,401673.72,180,3.82,80,Debloque,2026-08-23 13:22:16,AG-008
ENG-21358,CLI-10436,Omar Slaoui,Mourabaha Immo,385470.94,240,8.24,50,Debloque,2025-03-28 10:30:13,AG-007
ENG-21359,CLI-10384,Zineb Tazi,Credit Tresorerie,161615.04,12,7.38,42,Surveillance,2024-08-04 09:48:04,AG-002
ENG-21360,CLI-10426,Ahmed Sbihi,Ijara,449580.13,180,5.84,35,Contentieux,2023-07-06 08:49:18,AG-005
ENG-21361,CLI-10453,Asmaa Jai,Ijara,415988.55,240,5.72,90,Valide,2025-03-04 14:37:00,AG-004
ENG-21362,CLI-10439,Khalid Slaoui,Credit Tresorerie,283381.64,12,3.66,43,Debloque,2023-02-09 10:43:25,AG-009
ENG-21363,CLI-10425,Salma Idrissi,Mourabaha Immo,588034.7,120,5.98,22,Surveillance,2023-07-07 15:56:49,AG-001
ENG-21364,CLI-10006,Amina Jai,Investissement PME,1320102.77,60,6.71,46,Valide,2026-03-09 12:24:36,AG-006
ENG-21365,CLI-10058,Karim Bennani,Credit Tresorerie,120242.77,24,5.88,50,Surveillance,2023-09-08 17:02:47,AG-007
ENG-21366,CLI-10476,Samira Benjelloun,Mourabaha Immo,520427.81,120,4.36,64,Debloque,2025-02-23 17:14:47,AG-002
ENG-21367,CLI-10066,Hicham Fikri,Ijara,564983.84,120,6.48,31,Valide,2023-07-08 13:41:03,AG-003
ENG-21368,CLI-10396,Samira Fassi-Fihri,Mourabaha Auto,381031.41,60,3.83,75,Debloque,2026-07-21 13:52:10,AG-005
ENG-21369,CLI-10086,Zineb Balafrej,Mourabaha Auto,247983.72,60,4.96,95,Debloque,2026-12-01 16:54:34,AG-004
ENG-21370,CLI-10418,Khalid Fikri,Mourabaha Immo,951181.96,240,6.22,66,Debloque,2023-03-02 16:00:42,AG-004
ENG-21371,CLI-10053,Mohamed Sbihi,Mourabaha Auto,276939.91,24,4.41,29,Surveillance,2025-04-20 08:17:16,AG-001
ENG-21372,CLI-10468,Rachid Sbihi,Mourabaha Immo,497335.81,120,4.45,40,Valide,2024-04-07 10:00:10,AG-010
ENG-21373,CLI-10035,Said Fikri,Mourabaha Immo,834910.54,180,5.39,27,Valide,2024-06-10 13:50:45,AG-006
ENG-21374,CLI-10018,Ahmed Tazi,Mourabaha Immo,273457.0,180,6.69,90,Debloque,2025-12-26 11:39:12,AG-007
ENG-21375,CLI-10126,Fatima Guedira,Mourabaha Immo,804105.2,180,8.56,95,Debloque,2023-09-01 13:36:47,AG-003
ENG-21376,CLI-10331,Abdellah Erraji,Mourabaha Immo,791919.61,120,8.07,54,Debloque,2023-03-19 08:28:49,AG-004
ENG-21377,CLI-10307,Amina Fikri,Ijara,458060.76,240,4.24,27,Valide,2024-08-13 11:04:30,AG-004
ENG-21378,CLI-10302,Amine El Amrani,Ijara,372980.32,120,3.86,21,Debloque,2025-11-03 17:13:57,AG-001
ENG-21379,CLI-10319,Nadia Benjelloun,Investissement PME,1717777.57,84,5.95,49,En analyse,2025-04-24 14:08:27,AG-010
ENG-21380,CLI-10141,Leila Bencheikh,Ijara,423789.68,120,7.17,85,Debloque,2026-05-13 09:57:57,AG-007
ENG-21381,CLI-10014,Imane Mouline,Credit Tresorerie,169222.42,12,3.65,93,Debloque,2025-06-28 10:17:03,AG-007
ENG-21382,CLI-10362,Khalid Erraji,Mourabaha Immo,523638.03,180,7.3,62,Debloque,2025-02-09 11:46:49,AG-007
ENG-21383,CLI-10298,Imane Fassi-Fihri,Mourabaha Auto,277841.87,24,6.35,76,Debloque,2026-11-05 12:29:38,AG-007
ENG-21384,CLI-10192,Meryem Hakim,Mourabaha Auto,507946.13,48,8.23,39,Contentieux,2024-12-27 12:40:51,AG-004
ENG-21385,CLI-10359,Salma Sbihi,Investissement PME,1754707.07,36,5.16,89,Debloque,2023-07-16 14:53:36,AG-003
ENG-21386,CLI-10107,Khalid El Amrani,Credit Tresorerie,116808.2,12,6.74,91,Debloque,2023-06-28 17:03:10,AG-010
ENG-21387,CLI-10367,Khadija Erraji,Ijara,504564.68,120,8.36,62,Debloque,2025-12-17 16:12:53,AG-007
ENG-21388,CLI-10088,Abdellah Slaoui,Investissement PME,1411388.25,60,7.35,81,Valide,2024-01-24 16:17:25,AG-008
ENG-21389,CLI-10338,Meryem Kabbaj,Mourabaha Auto,340235.82,36,8.24,60,Debloque,2023-10-13 10:35:10,AG-003
ENG-21390,CLI-10446,Mehdi Zniber,Ijara,434765.69,120,6.43,65,Debloque,2026-03-25 12:28:11,AG-006
ENG-21391,CLI-10097,Samira Fikri,Mourabaha Auto,236912.26,24,4.0,41,Debloque,2024-05-03 12:36:36,AG-004
ENG-21392,CLI-10006,Amina Jai,Mourabaha Auto,315461.67,60,5.67,76,En analyse,2026-07-01 12:58:53,AG-006
ENG-21393,CLI-10424,Amina El Fassi,Credit Tresorerie,306733.78,12,4.52,81,,2023-01-23 11:39:04,AG-003
ENG-21394,CLI-10113,Samira Benjelloun,Mourabaha Immo,444976.69,120,6.46,42,Valide,2025-08-03 09:37:14,AG-002
ENG-21395,CLI-10003,Rachid Benjelloun,Mourabaha Auto,247243.73,36,6.04,24,Valide,2025-07-04 14:53:53,AG-004
ENG-21396,CLI-10201,Mohamed Erraji,Mourabaha Immo,620007.58,240,6.39,65,En analyse,2025-04-15 10:12:17,AG-005
ENG-21397,CLI-10228,Meryem Mouline,Credit Tresorerie,97899.99,36,4.11,45,Debloque,2023-01-21 17:16:18,AG-008
ENG-21398,CLI-10495,Hind Mouline,Ijara,143455.65,120,8.66,32,Debloque,2025-05-04 11:29:11,AG-004
ENG-21399,CLI-10338,Meryem Kabbaj,Credit Tresorerie,124590.34,24,8.42,24,Debloque,2024-05-20 12:11:39,AG-003
ENG-21400,CLI-10420,Mehdi Bencheikh,Mourabaha Immo,425038.35,180,7.95,80,Valide,2025-02-17 16:28:01,AG-002
ENG-21401,CLI-10428,Youssef Kabbaj,Credit Tresorerie,150817.43,12,5.15,43,En analyse,2024-05-18 11:28:19,AG-003
ENG-21402,CLI-10137,Khadija Slaoui,Mourabaha Immo,423766.52,180,4.43,54,Valide,2025-04-17 14:36:16,AG-010
ENG-21403,CLI-10390,Abdellah Jai,Investissement PME,2116174.62,60,7.6,68,Debloque,2024-07-18 17:02:17,AG-010
ENG-21404,CLI-10089,Noureddine El Amrani,Mourabaha Immo,665806.92,180,7.54,54,En analyse,2023-01-20 13:14:32,AG-002
ENG-21405,CLI-10321,Ahmed Bennani,Credit Tresorerie,0,12,4.0,55,Valide,2023-01-19 11:30:34,AG-003
ENG-21406,CLI-10157,Mehdi Slaoui,Ijara,441249.74,240,6.99,32,Valide,2026-09-17 12:17:13,AG-007
ENG-21407,CLI-10203,Meryem Jai,Mourabaha Auto,311251.94,48,8.33,52,Surveillance,2026-03-22 14:48:14,AG-006
ENG-21408,CLI-10474,Said Tazi,Credit Tresorerie,423986.99,12,5.52,58,Surveillance,2023-09-12 16:47:38,AG-003
ENG-21409,CLI-10481,Mohamed Guedira,Mourabaha Immo,181722.71,120,6.67,34,En analyse,2025-06-02 15:41:53,AG-005
ENG-21410,CLI-10198,Hicham Sbihi,Mourabaha Immo,732830.31,120,5.5,74,En analyse,2023-04-23 11:28:17,AG-001
ENG-21411,CLI-10304,Hind Fikri,Ijara,349049.12,240,5.92,47,En analyse,2026-08-23 09:35:59,AG-008
ENG-21412,CLI-10377,Leila Tazi,Mourabaha Immo,596274.79,180,8.38,80,Surveillance,2025-02-20 08:49:32,AG-006
ENG-21413,CLI-10332,Mehdi Hakim,Ijara,378608.29,180,7.22,25,Debloque,2024-10-14 11:19:43,AG-004
ENG-21414,CLI-10357,Salma Alaoui,Ijara,389045.93,240,8.28,84,Debloque,2026-01-24 13:51:40,AG-010
ENG-21415,CLI-10012,Nadia Sbihi,Credit Tresorerie,241652.91,12,8.06,78,En analyse,2026-12-25 09:34:55,AG-004
ENG-21416,CLI-10371,Mohamed Hakim,Ijara,264773.23,180,5.65,43,Debloque,2023-07-25 10:36:59,AG-007
ENG-21417,CLI-10459,Salma Berrada,Credit Tresorerie,20000,36,6.7,85,Debloque,2023-11-19 16:59:10,AG-005
ENG-21418,CLI-10288,Abdellah Berrada,Mourabaha Immo,541035.68,240,5.28,46,Debloque,2024-08-03 15:47:58,AG-008
ENG-21419,CLI-10274,Zineb Benjelloun,Ijara,699702.36,120,5.73,57,Valide,2024-12-23 17:34:43,AG-004
ENG-21420,CLI-10121,Omar Benjelloun,Investissement PME,1168785.04,36,7.21,50,Contentieux,2025-11-21 17:44:01,AG-010
ENG-21421,CLI-10184,Khalid Lamrani,Mourabaha Auto,185974.64,24,8.97,42,En analyse,2025-09-15 11:00:23,AG-009
ENG-21422,CLI-10311,Hassan Balafrej,Ijara,390073.46,180,4.78,85,Debloque,2025-11-26 11:51:03,AG-008
ENG-21423,CLI-10401,Noureddine Ouazzani,Credit Tresorerie,202366.84,24,7.49,34,Debloque,2023-07-21 14:41:17,AG-007
ENG-21424,CLI-10348,Asmaa Balafrej,Mourabaha Immo,365183.99,240,6.4,26,Valide,2025-10-24 10:57:54,AG-001
ENG-21425,CLI-10048,Hassan Guedira,Mourabaha Immo,701218.96,120,4.13,26,Surveillance,2024-07-21 12:02:28,AG-007
ENG-21426,CLI-10105,Leila El Fassi,Mourabaha Immo,645982.98,240,6.47,86,Debloque,2023-08-06 14:09:33,AG-008
ENG-21427,CLI-10485,Mohamed Tazi,Ijara,701392.56,180,8.08,87,Valide,2023-11-28 08:29:09,AG-002
ENG-21428,CLI-10338,Meryem Kabbaj,Mourabaha Auto,511533.33,48,8.73,43,Debloque,2026-11-09 09:04:26,AG-003
ENG-21429,CLI-10217,Samira Bencheikh,Investissement PME,1244713.76,84,8.22,41,Debloque,2026-07-05 08:35:02,AG-006
ENG-21430,CLI-10431,Noureddine El Amrani,Mourabaha Immo,322461.62,240,4.16,27,Debloque,2024-07-07 12:17:17,AG-007
ENG-21431,CLI-10412,Asmaa Idrissi,Mourabaha Auto,150597.22,48,5.34,86,Debloque,2026-01-03 10:00:47,AG-003
ENG-21432,CLI-10415,Meryem Kabbaj,Mourabaha Auto,255331.77,36,5.14,67,Valide,2023-10-03 10:14:29,AG-007
ENG-21433,CLI-10005,Noureddine Ouazzani,Mourabaha Immo,1064559.07,180,8.03,27,Valide,2026-11-25 15:00:08,AG-010
ENG-21434,CLI-10151,Ahmed Berrada,Mourabaha Immo,460067.7,180,4.23,59,En analyse,2025-04-23 14:16:32,AG-007
ENG-21435,CLI-10359,Salma Sbihi,Ijara,266701.94,180,7.24,51,Surveillance,2025-09-18 10:07:22,AG-003
ENG-21436,CLI-10292,Noureddine Zniber,Ijara,475806.85,180,4.87,67,Valide,2026-07-05 11:08:14,AG-002
ENG-21437,CLI-10196,Ahmed El Fassi,Ijara,176989.42,240,5.74,94,En analyse,2025-10-10 17:52:31,AG-007
ENG-21438,CLI-10438,Khadija Jai,Credit Tresorerie,430549.7,12,4.24,26,Contentieux,2024-10-17 14:11:10,AG-003
ENG-21439,CLI-10289,Said Fikri,Mourabaha Auto,332897.68,24,8.82,92,Debloque,2024-04-12 14:39:37,AG-009
ENG-21440,CLI-10486,Mohamed Mouline,Mourabaha Auto,255780.3,36,6.73,90,Valide,2025-09-24 15:55:25,AG-004
ENG-21441,CLI-10238,Omar Zniber,Mourabaha Auto,140634.71,60,3.57,35,Valide,2024-01-17 12:57:38,AG-004
ENG-21442,CLI-10049,Noureddine Mouline,Mourabaha Immo,543216.9,240,,44,Contentieux,2023-03-05 14:00:01,AG-001
ENG-21443,CLI-10153,Hassan Slaoui,Mourabaha Immo,1269719.46,180,4.31,28,Contentieux,2025-12-21 11:54:02,AG-006
ENG-21444,CLI-10375,Rachid El Amrani,Investissement PME,1537373.27,36,4.7,35,Inconnu,2026-06-05 16:30:08,AG-004
ENG-21445,CLI-10223,Fatima Balafrej,Mourabaha Auto,318053.9,36,7.58,37,Valide,2023-06-20 10:03:33,AG-006
ENG-21446,CLI-10173,Leila Hakim,Credit Tresorerie,206332.01,12,6.64,82,Contentieux,2026-10-26 09:39:16,AG-010
ENG-21447,CLI-10318,Amine Tazi,Ijara,595981.44,240,8.57,24,Debloque,2025-07-18 10:56:00,AG-003
ENG-21448,CLI-10322,Hind Bencheikh,Investissement PME,1405645.02,84,6.89,72,Valide,2026-10-11 15:09:48,AG-007
ENG-21449,CLI-10469,Amine Fikri,Mourabaha Auto,440349.82,24,5.2,59,Debloque,2023-12-06 13:14:04,AG-009
ENG-21450,CLI-10247,Noureddine Erraji,Mourabaha Auto,187976.54,48,8.18,32,En analyse,2026-08-16 11:41:10,AG-008
ENG-21451,CLI-10116,Rachid Fikri,Ijara,494495.4,120,8.81,38,Debloque,2023-10-07 16:30:12,AG-003
ENG-21452,CLI-10021,Zineb Berrada,Mourabaha Immo,248525.64,240,4.51,57,Surveillance,2025-05-28 15:18:35,AG-007
ENG-21453,CLI-10400,Salma Sbihi,Mourabaha Immo,302418.6,240,5.79,36,Debloque,2025-02-01 15:26:20,AG-004
ENG-21454,CLI-10403,Mehdi Kabbaj,Ijara,351025.35,120,8.88,91,Surveillance,2025-02-16 11:42:10,AG-003
ENG-21455,CLI-10304,Hind Fikri,Mourabaha Immo,577817.75,180,3.7,29,Debloque,2025-09-01 13:22:34,AG-008
ENG-21456,CLI-10374,Hicham Bennani,Mourabaha Auto,426642.6,24,5.27,77,Valide,2026-11-12 11:38:42,AG-001
ENG-21457,CLI-10204,Ahmed Bencheikh,Mourabaha Immo,523585.72,120,5.07,95,Valide,2023-12-10 13:57:19,AG-002
ENG-21458,CLI-10142,Hicham Benjelloun,Investissement PME,1528792.06,48,6.82,89,Valide,2023-09-01 11:37:24,AG-003
ENG-21459,CLI-10083,Asmaa Mouline,Mourabaha Auto,322841.56,48,8.53,89,Debloque,2025-11-23 08:42:28,AG-008
ENG-21460,CLI-10007,Abdellah El Amrani,Mourabaha Immo,515919.53,180,4.37,63,En analyse,2026-05-23 14:45:38,AG-005
ENG-21461,CLI-10105,Leila El Fassi,Mourabaha Auto,194099.61,36,3.81,44,Debloque,2026-05-09 08:32:58,AG-008
ENG-21462,CLI-10028,Ahmed Bennani,Mourabaha Auto,223653.22,60,6.18,84,Debloque,2026-01-20 10:02:43,AG-006
ENG-21463,CLI-10307,Amina Fikri,Mourabaha Auto,396616.61,48,8.26,30,En analyse,2024-07-13 09:06:21,AG-004
ENG-21464,CLI-10284,Noureddine Benjelloun,Mourabaha Immo,607655.29,120,5.39,71,Valide,2023-02-20 14:02:18,AG-003
ENG-21465,CLI-10409,Noureddine El Fassi,Mourabaha Auto,235949.39,48,4.74,80,Debloque,2026-08-09 13:45:17,AG-007
ENG-21466,CLI-10372,Asmaa El Fassi,Mourabaha Auto,184909.02,24,8.25,37,Surveillance,2024-02-15 09:18:24,AG-009
ENG-21467,CLI-10422,Nadia Benjelloun,Mourabaha Auto,185536.76,48,5.82,82,Debloque,2026-03-28 14:11:15,AG-010
ENG-21468,CLI-10389,Asmaa El Amrani,Mourabaha Auto,225536.69,24,5.5,21,Valide,2026-02-24 16:19:01,AG-005
ENG-21469,CLI-10249,Karim Ouazzani,Credit Tresorerie,329349.79,24,6.34,26,Valide,2023-07-08 08:25:25,AG-005
ENG-21470,CLI-10425,Salma Idrissi,Mourabaha Immo,764378.95,120,4.21,87,Inconnu,2023-11-21 14:17:53,AG-001
ENG-21471,CLI-10062,Mohamed Slaoui,Mourabaha Immo,796327.97,120,8.94,27,Debloque,2024-11-01 10:23:08,AG-004
ENG-21472,CLI-10081,Driss Fassi-Fihri,Mourabaha Auto,273410.93,60,7.66,92,Debloque,2025-04-28 09:36:41,AG-008
ENG-21473,CLI-10497,Mohamed Lamrani,Ijara,595420.63,180,3.74,79,Valide,2026-05-22 13:16:51,AG-006
ENG-21474,CLI-10323,Karim Tazi,Mourabaha Auto,404471.45,36,3.74,56,Debloque,2025-12-10 13:14:32,AG-009
ENG-21475,CLI-10323,Karim Tazi,Mourabaha Auto,251629.85,48,6.96,87,Valide,2025-06-13 14:10:55,AG-009
ENG-21476,CLI-10407,Amine Berrada,Mourabaha Auto,151747.05,36,4.18,83,En analyse,2026-07-01 11:51:26,AG-004
ENG-21477,CLI-10216,Hicham Sbihi,Credit Tresorerie,254578.97,24,3.56,77,Surveillance,2024-07-13 08:08:12,AG-004
ENG-21478,CLI-10033,Mohamed Bencheikh,Ijara,409816.12,180,3.65,67,Contentieux,2023-02-15 11:43:46,AG-004
ENG-21479,CLI-10047,Rachid Erraji,Ijara,380235.57,120,5.41,76,Debloque,2025-03-06 12:19:04,AG-006
ENG-21480,CLI-10303,Said Mouline,Mourabaha Immo,612508.66,180,6.62,27,Debloque,2025-12-24 13:13:06,AG-001
ENG-21481,CLI-10164,Amine Kabbaj,Mourabaha Auto,441403.2,24,5.26,78,Valide,2023-11-17 17:34:25,AG-002
ENG-21482,CLI-10381,Said Kabbaj,Investissement PME,1456005.54,84,6.69,74,Valide,2023-09-08 11:56:20,AG-001
ENG-21483,CLI-10254,Leila Bencheikh,Mourabaha Immo,419657.01,240,8.75,67,Debloque,2023-03-08 15:54:30,AG-007
ENG-21484,CLI-10046,Driss Jai,Ijara,177659.87,120,8.21,32,Debloque,2024-01-20 13:27:31,AG-004
ENG-21485,CLI-10098,Leila El Fassi,Credit Tresorerie,423233.84,36,6.13,37,Valide,2026-05-09 08:11:55,AG-001
ENG-21486,CLI-10069,Hicham El Fassi,Mourabaha Immo,803515.97,120,7.99,78,Debloque,2024-05-06 15:30:58,AG-009
ENG-21487,CLI-10478,Youssef Fassi-Fihri,Mourabaha Auto,186340.7,48,7.08,25,Valide,2024-01-19 09:16:44,AG-009
ENG-21488,CLI-10034,Noureddine Bencheikh,Ijara,495637.22,120,4.75,42,Inconnu,2025-03-07 12:31:42,AG-009
ENG-21489,CLI-10077,Driss Jai,Credit Tresorerie,733335.01,24,8.01,30,Valide,2025-12-11 10:57:24,AG-003
ENG-21490,CLI-10224,Hind Lamrani,Mourabaha Auto,359557.79,24,4.61,48,Valide,2023-12-27 14:50:18,AG-004
ENG-21491,CLI-10110,Nadia Erraji,Mourabaha Auto,304089.06,36,8.52,83,Debloque,2026-04-07 09:26:56,AG-001
ENG-21492,CLI-10359,Salma Sbihi,Investissement PME,0,84,5.71,58,Debloque,2023-08-01 11:35:23,AG-003
ENG-21493,CLI-10172,Omar Erraji,Mourabaha Auto,384644.34,48,4.24,56,En analyse,2023-11-16 12:46:03,AG-004
ENG-21494,CLI-10254,Leila Bencheikh,Mourabaha Immo,806990.71,240,7.06,75,Debloque,2025-09-06 14:29:26,AG-007
ENG-21495,CLI-10292,Noureddine Zniber,Investissement PME,1789137.67,48,3.58,25,Valide,2026-04-26 16:42:22,AG-002
ENG-21496,CLI-10407,Amine Berrada,Credit Tresorerie,158440.84,24,8.36,53,Surveillance,2023-05-19 15:17:20,AG-004
ENG-21497,CLI-10331,Abdellah Erraji,Mourabaha Auto,374633.52,60,7.62,89,Debloque,2023-05-20 16:27:02,AG-004
ENG-21498,CLI-10318,Amine Tazi,Credit Tresorerie,432268.14,24,3.58,56,Debloque,2024-03-27 14:49:55,AG-003
ENG-21499,CLI-10111,Nadia El Fassi,Mourabaha Immo,817507.28,180,8.41,32,Valide,2024-12-18 17:45:59,AG-008
ENG-21500,CLI-10413,Noureddine Kabbaj,Mourabaha Auto,32372.23,24,5.31,999,Debloque,2025-04-09 08:00:44,AG-007
ENG-21501,CLI-10380,Driss Tazi,Mourabaha Auto,233403.18,36,7.99,87,Debloque,2025-08-10 10:52:56,AG-010
ENG-21502,CLI-10083,Asmaa Mouline,Mourabaha Immo,541934.1,240,6.04,84,Debloque,2023-09-25 16:33:09,AG-008
ENG-21503,CLI-10066,Hicham Fikri,Mourabaha Immo,263967.14,180,3.82,89,Contentieux,2025-02-13 16:03:24,AG-003
ENG-21504,CLI-10375,Rachid El Amrani,Mourabaha Immo,783074.94,240,4.9,67,Debloque,2026-12-19 17:34:55,AG-004
ENG-21505,CLI-10201,Mohamed Erraji,Mourabaha Immo,496756.97,240,5.94,54,Debloque,2026-04-22 16:15:00,AG-005
ENG-21506,CLI-10440,Ahmed Sbihi,Credit Tresorerie,164301.87,12,4.61,35,En analyse,2023-10-05 14:05:24,AG-009
ENG-21507,CLI-10004,Hicham Benjelloun,Mourabaha Immo,451501.91,240,5.97,84,Debloque,2025-06-16 16:25:20,AG-009
ENG-21508,CLI-10389,Asmaa El Amrani,Ijara,655008.12,180,5.44,42,Valide,2026-05-01 08:03:24,AG-005
ENG-21509,CLI-10173,Leila Hakim,Ijara,524212.62,120,5.1,27,Debloque,2026-07-12 12:20:06,AG-010
ENG-21510,CLI-10457,Khadija Sbihi,Mourabaha Immo,248319.6,180,4.93,85,Debloque,2026-05-01 10:51:54,AG-001
ENG-21511,CLI-10104,Abdellah Berrada,Ijara,596654.19,120,6.32,49,Debloque,2026-01-24 09:28:01,AG-009
ENG-21512,CLI-10210,Asmaa Bennani,Mourabaha Immo,228558.3,240,5.14,54,Valide,2024-09-21 14:03:11,AG-004
ENG-21513,CLI-10025,Hind Hakim,Ijara,371026.05,240,7.77,55,Debloque,2024-05-22 17:00:37,AG-010
ENG-21514,CLI-10327,Amine Jai,Mourabaha Immo,389607.31,240,6.12,82,Surveillance,2026-03-27 12:21:09,AG-002
ENG-21515,CLI-10057,Imane El Fassi,Mourabaha Immo,502052.24,120,5.14,25,Debloque,2025-07-25 15:19:32,AG-010
ENG-21516,CLI-10008,Mohamed Lamrani,Mourabaha Auto,319787.8,60,7.02,48,Debloque,2023-06-19 16:02:08,AG-006
ENG-21517,CLI-10222,Ahmed Jai,Mourabaha Immo,625802.44,120,7.08,25,Debloque,2023-06-17 17:48:08,AG-007
ENG-21518,CLI-10144,Amine Bencheikh,Mourabaha Auto,142849.27,24,6.08,59,Valide,2024-02-19 15:42:29,AG-004
ENG-21519,CLI-10273,Soukaina El Fassi,Ijara,429883.78,120,7.11,28,Debloque,2026-12-09 16:46:10,AG-003
ENG-21520,CLI-10257,Karim Kabbaj,Ijara,712202.8,240,4.21,60,Debloque,2026-12-17 12:06:36,AG-004
ENG-21521,CLI-10126,Fatima Guedira,Mourabaha Auto,406264.84,60,3.67,66,Debloque,2026-12-20 12:10:29,AG-003
ENG-21522,CLI-10247,Noureddine Erraji,Mourabaha Immo,1178966.74,240,4.65,76,Valide,2023-07-13 10:53:37,AG-008
ENG-21523,CLI-10495,Hind Mouline,Mourabaha Auto,228666.25,24,6.08,84,Valide,2024-07-27 13:52:21,AG-004
ENG-21524,CLI-10213,Meryem Bennani,Mourabaha Auto,251931.13,24,8.63,39,Valide,2026-12-05 11:41:30,AG-005
ENG-21525,CLI-10320,Fatima Alaoui,Ijara,32713.54,120,4.75,93,En analyse,2026-06-27 12:55:51,AG-002
ENG-21526,CLI-10322,Hind Bencheikh,Mourabaha Auto,114090.26,24,7.19,999,Valide,2026-08-19 13:45:16,AG-007
ENG-21527,CLI-10255,Nadia Fassi-Fihri,Mourabaha Immo,537362.89,240,6.47,25,Debloque,2024-08-17 09:22:37,AG-010
ENG-21528,CLI-10030,Mehdi Fikri,Mourabaha Auto,343282.73,48,5.53,69,Valide,2024-09-09 16:32:28,AG-001
ENG-21529,CLI-10269,Meryem Sbihi,Mourabaha Immo,806839.21,180,5.69,39,Valide,2026-11-04 10:07:59,AG-006
ENG-21530,CLI-10342,Imane Hakim,Mourabaha Auto,222906.68,48,7.56,90,Surveillance,2023-03-19 16:33:41,AG-009
ENG-21531,CLI-10336,Ahmed Ouazzani,Mourabaha Auto,379395.84,24,7.07,82,En analyse,2026-07-23 17:02:55,AG-009
ENG-21532,CLI-10233,Asmaa Fikri,Mourabaha Auto,345527.26,36,6.15,38,Debloque,2024-07-18 17:57:14,AG-005
ENG-21533,CLI-10464,Samira Jai,Mourabaha Auto,236399.2,48,6.84,78,Surveillance,2024-12-11 08:26:31,AG-003
ENG-21534,CLI-10262,Abdellah Jai,Mourabaha Auto,81977.76,36,8.98,44,Valide,2026-01-26 15:28:15,AG-008
ENG-21535,CLI-10393,Salma Benjelloun,Mourabaha Immo,969797.77,120,4.05,62,Valide,2023-11-28 13:28:43,AG-002
ENG-21536,CLI-10184,Khalid Lamrani,Mourabaha Immo,187708.63,120,6.39,48,Debloque,2025-05-02 12:23:32,AG-009
ENG-21537,CLI-10054,Khalid Bennani,Investissement PME,1740003.77,84,8.73,33,Debloque,2024-11-26 13:54:03,AG-010
ENG-21538,CLI-10275,Leila Guedira,Investissement PME,2657196.58,36,5.28,70,Debloque,2023-12-02 17:40:28,AG-007
ENG-21539,CLI-10231,Mohamed Sbihi,Mourabaha Auto,100988.1,36,4.78,58,Debloque,2025-06-14 16:18:16,AG-009
ENG-21540,CLI-10243,Khadija Guedira,Mourabaha Auto,296495.86,48,3.64,49,Debloque,2026-12-28 14:19:52,AG-002
ENG-21541,CLI-10481,Mohamed Guedira,Mourabaha Immo,648893.95,180,6.28,46,Surveillance,2025-10-16 13:28:45,AG-005
ENG-21542,CLI-10308,Asmaa Fassi-Fihri,Credit Tresorerie,395534.04,36,4.31,76,Valide,2026-09-25 11:45:02,AG-010
ENG-21543,CLI-10425,Salma Idrissi,Mourabaha Immo,179394.42,240,5.17,40,Contentieux,2024-04-06 12:05:24,AG-001
ENG-21544,CLI-10378,Omar El Fassi,Ijara,290754.72,240,5.41,52,Debloque,2026-07-01 15:58:13,AG-007
ENG-21545,CLI-10407,Amine Berrada,Ijara,286919.72,120,7.5,64,Debloque,2025-09-10 09:58:40,AG-004
ENG-21546,CLI-10380,Driss Tazi,Investissement PME,1334153.83,36,5.84,76,Inconnu,2023-03-06 09:32:42,AG-010
ENG-21547,CLI-10037,Soukaina Erraji,Mourabaha Auto,428135.42,24,4.75,58,Debloque,2026-07-23 08:45:37,AG-010
ENG-21548,CLI-10288,Abdellah Berrada,Mourabaha Immo,542167.26,180,7.96,56,En analyse,2024-10-26 10:34:25,AG-008
ENG-21549,CLI-10327,Amine Jai,Investissement PME,3281514.33,36,7.97,74,Contentieux,2025-12-01 17:46:41,AG-002
ENG-21550,CLI-10363,Leila Tazi,Credit Tresorerie,202802.72,12,6.57,44,Debloque,2026-08-04 17:47:24,AG-006
ENG-21551,CLI-10212,Zineb Ouazzani,Ijara,401684.35,180,7.61,50,Valide,2023-03-26 10:08:43,AG-007
ENG-21552,CLI-10113,Samira Benjelloun,Mourabaha Immo,912225.85,240,6.49,29,Surveillance,2024-12-15 14:35:14,AG-002
ENG-21553,CLI-10250,Omar Bencheikh,Ijara,376175.5,180,6.88,61,Valide,2025-05-27 14:07:17,AG-009
ENG-21554,CLI-10316,Samira Berrada,Mourabaha Immo,536971.6,120,7.77,64,En analyse,2025-07-12 14:56:19,AG-001
ENG-21555,CLI-10415,Meryem Kabbaj,Ijara,695061.84,120,6.19,36,Debloque,2023-10-19 13:47:57,AG-007
ENG-21556,CLI-10458,Amina Tazi,Mourabaha Auto,367583.59,48,5.46,40,Debloque,2026-11-15 14:54:56,AG-008
ENG-21557,CLI-10048,Hassan Guedira,Mourabaha Immo,807518.5,240,5.28,42,Debloque,2025-06-03 11:53:59,AG-007
ENG-21558,CLI-10139,Nadia Bencheikh,Mourabaha Auto,265577.89,48,8.31,71,Debloque,2024-09-18 11:36:00,AG-003
ENG-21559,CLI-10387,Khadija Sbihi,Mourabaha Immo,585075.28,180,5.02,30,Debloque,2026-05-19 11:09:22,AG-004
ENG-21560,CLI-10401,Noureddine Ouazzani,Mourabaha Auto,435021.02,60,6.74,60,Valide,2024-12-01 12:00:37,AG-007
ENG-21561,CLI-10125,Noureddine Lamrani,Ijara,215433.91,240,4.57,87,,2023-01-04 16:30:15,AG-001
ENG-21562,CLI-10044,Imane Fassi-Fihri,Mourabaha Immo,364911.99,120,4.88,75,Debloque,2026-03-21 09:51:00,AG-009
ENG-21563,CLI-10281,Ahmed Ouazzani,Mourabaha Immo,460171.18,240,5.73,87,Valide,2025-03-11 15:53:03,AG-005
ENG-21564,CLI-10281,Ahmed Ouazzani,Mourabaha Auto,256635.92,24,4.29,74,Debloque,2024-04-26 09:23:16,AG-005
ENG-21565,CLI-10381,Said Kabbaj,Mourabaha Immo,709403.76,120,3.8,84,Debloque,2025-11-23 13:58:44,AG-001
ENG-21566,CLI-10087,Imane El Amrani,Mourabaha Immo,509826.9,120,4.03,39,En analyse,2026-08-02 09:20:04,AG-003
ENG-21567,CLI-10379,Youssef Fassi-Fihri,Mourabaha Auto,231668.05,60,5.83,51,Valide,2024-03-05 10:17:02,AG-001
ENG-21568,CLI-10445,Noureddine Balafrej,Investissement PME,1422942.69,48,4.51,42,En analyse,2026-03-21 08:06:42,AG-007
ENG-21569,CLI-10388,Amina Lamrani,Mourabaha Immo,899750.2,180,6.44,46,Valide,2023-04-08 10:23:11,AG-010
ENG-21570,CLI-10490,Leila Hakim,Investissement PME,2450433.32,48,4.37,52,Valide,2026-11-10 13:08:13,AG-004
ENG-21571,CLI-10257,Karim Kabbaj,Ijara,438678.72,180,5.86,20,Valide,2026-07-07 12:11:47,AG-004
ENG-21572,CLI-10127,Said Bennani,Ijara,261336.44,180,7.0,80,Debloque,2024-05-22 17:35:40,AG-008
ENG-21573,CLI-10091,Hind El Fassi,Mourabaha Auto,314958.33,24,5.34,999,Contentieux,2026-06-27 13:36:54,AG-008
ENG-21574,CLI-10492,Hind Lamrani,Mourabaha Immo,457520.01,120,8.3,85,En analyse,2026-07-10 09:17:30,AG-003
ENG-21575,CLI-10190,Fatima Alaoui,Mourabaha Immo,401384.34,180,4.38,76,Debloque,2025-07-14 13:42:14,AG-003
ENG-21576,CLI-10288,Abdellah Berrada,Mourabaha Auto,433626.44,60,4.2,93,Debloque,2025-12-08 10:18:12,AG-008
ENG-21577,CLI-10363,Leila Tazi,Mourabaha Auto,144837.49,36,5.14,63,Debloque,2024-11-15 14:12:47,AG-006
ENG-21578,CLI-10477,Asmaa Tazi,Mourabaha Immo,893070.74,180,4.67,56,Debloque,2025-09-24 14:15:42,AG-001
ENG-21579,CLI-10212,Zineb Ouazzani,Mourabaha Auto,180659.9,48,6.61,95,Debloque,2023-07-04 13:55:14,AG-007
ENG-21580,CLI-10257,Karim Kabbaj,Mourabaha Immo,565886.8,180,8.43,85,Debloque,2026-02-01 11:01:31,AG-004
ENG-21581,CLI-10243,Khadija Guedira,Mourabaha Immo,708637.7,120,8.69,55,Debloque,2026-08-18 08:35:57,AG-002
ENG-21582,CLI-10375,Rachid El Amrani,Mourabaha Immo,710939.84,120,4.15,35,Contentieux,2026-04-19 12:50:49,AG-004
ENG-21583,CLI-10095,Zineb Hakim,Mourabaha Immo,638537.59,240,8.95,41,Debloque,2025-06-25 14:13:58,AG-004
ENG-21584,CLI-10307,Amina Fikri,Mourabaha Immo,496911.2,120,7.61,94,Surveillance,2025-01-07 14:52:36,AG-004
ENG-21585,CLI-10434,Said Erraji,Mourabaha Auto,216419.21,60,7.36,69,Debloque,2026-02-20 14:28:43,AG-002
ENG-21586,CLI-10112,Leila Bennani,Mourabaha Immo,506639.29,240,4.11,33,Contentieux,2023-03-12 17:01:07,AG-001
ENG-21587,CLI-10368,Imane Ouazzani,Mourabaha Immo,322639.69,120,7.69,30,Valide,2024-05-09 11:30:58,AG-001
ENG-21588,CLI-10427,Driss Slaoui,Ijara,242283.28,120,8.76,55,Debloque,2023-05-02 17:34:51,AG-009
ENG-21589,CLI-10046,Driss Jai,Mourabaha Auto,403738.96,60,6.8,24,En analyse,2025-09-03 09:25:00,AG-004
ENG-21590,CLI-10297,Salma Slaoui,Mourabaha Auto,143744.13,24,7.74,26,Debloque,2024-01-05 16:35:53,AG-001
ENG-21591,CLI-10437,Samira Mouline,Ijara,644691.99,120,7.61,29,Surveillance,2023-04-10 10:07:54,AG-008
ENG-21592,CLI-10133,Hassan Mouline,Ijara,438973.4,240,8.64,58,Debloque,2024-01-07 13:12:04,AG-008
ENG-21593,CLI-10357,Salma Alaoui,Ijara,513841.92,240,4.05,89,Debloque,2023-06-26 15:06:54,AG-010
ENG-21594,CLI-10045,Samira Erraji,Mourabaha Auto,295767.16,24,4.62,37,Debloque,2023-10-22 12:59:54,AG-008
ENG-21595,CLI-10070,Driss Hakim,Mourabaha Immo,197809.71,120,8.84,86,Debloque,2023-05-03 09:08:53,AG-010
ENG-21596,CLI-10436,Omar Slaoui,Mourabaha Auto,343363.98,48,4.25,82,Surveillance,2023-10-07 14:30:54,AG-007
ENG-21597,CLI-10252,Fatima Zniber,Ijara,438621.32,120,4.81,30,En analyse,2026-05-20 09:42:24,AG-007
ENG-21598,CLI-10296,Khadija Fikri,Investissement PME,876369.65,48,4.87,39,Valide,2025-01-03 11:05:58,AG-001
ENG-21599,CLI-10170,Meryem Guedira,Mourabaha Immo,467576.48,240,4.52,28,Debloque,2025-06-11 10:20:11,AG-010
ENG-21600,CLI-10255,Nadia Fassi-Fihri,Mourabaha Auto,281782.57,24,3.51,66,Valide,2023-12-15 17:34:38,AG-010
ENG-21601,CLI-10142,Hicham Benjelloun,Ijara,365188.12,180,6.82,84,Debloque,2024-01-01 13:06:37,AG-003
ENG-21602,CLI-10359,Salma Sbihi,Mourabaha Auto,211560.88,60,5.98,71,Valide,2025-09-10 10:54:11,AG-003
ENG-21603,CLI-10371,Mohamed Hakim,Mourabaha Immo,499296.64,240,5.49,66,En analyse,2026-01-16 08:42:02,AG-007
ENG-21604,CLI-10430,Ahmed Alaoui,Mourabaha Immo,538373.37,180,6.3,73,Surveillance,2025-01-26 16:28:49,AG-006
ENG-21605,CLI-10449,Samira Alaoui,Mourabaha Immo,920078.19,180,5.75,27,Debloque,2023-08-05 16:09:00,AG-007
ENG-21606,CLI-10087,Imane El Amrani,Mourabaha Immo,415967.27,240,4.11,64,Surveillance,2024-03-08 10:35:09,AG-003
ENG-21607,CLI-10285,Soukaina Kabbaj,Mourabaha Immo,532544.09,180,8.26,87,Valide,2025-01-01 12:05:02,AG-004
ENG-21608,CLI-10284,Noureddine Benjelloun,Mourabaha Immo,858669.95,240,7.91,49,Debloque,2023-12-04 11:22:42,AG-003
ENG-21609,CLI-10164,Amine Kabbaj,Investissement PME,2703642.57,48,7.71,87,Debloque,2023-07-10 09:40:44,AG-002
ENG-21610,CLI-10185,Khadija Benjelloun,Investissement PME,937469.31,36,6.79,79,Debloque,2023-03-18 08:54:04,AG-006
ENG-21611,CLI-10319,Nadia Benjelloun,Mourabaha Immo,920670.56,120,5.16,62,Surveillance,2024-09-25 09:59:41,AG-010
ENG-21612,CLI-10241,Mehdi Berrada,Mourabaha Auto,80732.34,60,5.08,36,Debloque,2024-02-21 16:43:35,AG-002
ENG-21613,CLI-10115,Hicham Guedira,Mourabaha Immo,505719.04,240,7.03,23,Debloque,2024-08-18 17:49:07,AG-006
ENG-21614,CLI-10050,Hicham Mouline,Mourabaha Immo,1093307.39,240,6.91,76,Valide,2024-12-13 17:36:00,AG-004
ENG-21615,CLI-10170,Meryem Guedira,Mourabaha Auto,421417.52,48,6.76,59,Debloque,2023-09-25 12:11:36,AG-010
ENG-21616,CLI-10001,Noureddine Jai,Credit Tresorerie,234047.58,36,8.81,92,Debloque,2025-06-05 16:38:51,AG-009
ENG-21617,CLI-10008,Mohamed Lamrani,Ijara,417336.27,180,6.03,49,Debloque,2025-06-15 08:05:25,AG-006
ENG-21618,CLI-10228,Meryem Mouline,Ijara,214761.64,120,5.8,91,En analyse,2023-03-12 11:40:01,AG-008
ENG-21619,CLI-10100,Imane Hakim,Ijara,187029.17,240,6.87,70,Valide,2025-08-25 15:55:58,AG-006
ENG-21620,CLI-10411,Hassan Balafrej,Credit Tresorerie,402061.43,12,,43,Valide,2024-05-06 11:19:32,AG-004
ENG-21621,CLI-10041,Soukaina El Amrani,Ijara,451026.35,180,5.38,70,Debloque,2025-09-11 13:29:18,AG-010
ENG-21622,CLI-10300,Meryem Hakim,Investissement PME,1170595.97,84,4.46,83,Debloque,2026-01-06 12:10:23,AG-006
ENG-21623,CLI-10123,Meryem Lamrani,Investissement PME,1251767.85,60,7.22,57,Debloque,2024-02-11 16:58:51,AG-001
ENG-21624,CLI-10199,Ahmed Bennani,Mourabaha Immo,752015.8,180,3.61,37,Debloque,2026-03-23 17:38:05,AG-005
ENG-21625,CLI-10051,Samira Sbihi,Ijara,445261.33,120,3.65,31,Debloque,2024-02-12 11:37:11,AG-001
ENG-21626,CLI-10196,Ahmed El Fassi,Mourabaha Auto,239086.98,60,8.22,20,Debloque,2024-06-25 08:13:07,AG-007
ENG-21627,CLI-10301,Fatima Balafrej,Mourabaha Immo,1087432.25,180,3.54,39,En analyse,2023-11-19 08:06:36,AG-009
ENG-21628,CLI-10125,Noureddine Lamrani,Mourabaha Immo,468271.85,240,4.74,82,En analyse,2023-01-02 08:11:45,AG-001
ENG-21629,CLI-10175,Khalid Zniber,Ijara,331564.12,180,5.57,55,Debloque,2023-09-24 13:22:38,AG-007
ENG-21630,CLI-10373,Amine Fassi-Fihri,Ijara,513611.51,240,7.97,38,Valide,2025-06-24 11:08:47,AG-007
ENG-21631,CLI-10493,Leila Benjelloun,Ijara,226545.89,240,7.73,56,Valide,2025-08-24 12:53:15,AG-009
ENG-21632,CLI-10401,Noureddine Ouazzani,Mourabaha Auto,139266.49,48,8.7,65,Valide,2023-02-22 15:31:27,AG-007
ENG-21633,CLI-10365,Mohamed Erraji,Ijara,584802.4,180,7.06,73,En analyse,2023-10-06 16:05:52,AG-009
ENG-21634,CLI-10165,Khadija Ouazzani,Ijara,368538.97,120,5.74,29,Debloque,2023-03-05 11:04:43,AG-009
ENG-21635,CLI-10245,Rachid Hakim,Mourabaha Auto,234406.04,60,6.96,81,Debloque,2024-06-08 10:09:12,AG-005
ENG-21636,CLI-10064,Karim Fikri,Ijara,329609.74,240,4.35,37,Debloque,2025-11-17 13:26:14,AG-008
ENG-21637,CLI-10043,Noureddine Mouline,Mourabaha Immo,603701.29,120,3.62,23,Surveillance,2024-08-27 13:49:58,AG-007
ENG-21638,CLI-10386,Fatima El Amrani,Ijara,231193.97,240,4.32,51,Debloque,2023-04-05 12:27:22,AG-001
ENG-21639,CLI-10321,Ahmed Bennani,Ijara,199459.25,120,8.84,88,Debloque,2023-08-22 16:12:51,AG-003
ENG-21640,CLI-10212,Zineb Ouazzani,Mourabaha Immo,551896.96,120,8.35,63,Surveillance,2024-01-04 09:49:17,AG-007
ENG-21641,CLI-10016,Driss Benjelloun,Credit Tresorerie,362732.31,24,5.66,43,Debloque,2024-06-03 10:31:11,AG-007
ENG-21642,CLI-10162,Noureddine Fikri,Investissement PME,1583395.24,48,8.79,51,Debloque,2025-11-13 13:59:48,AG-009
ENG-21643,CLI-10241,Mehdi Berrada,Investissement PME,2051732.7,60,6.74,40,Valide,2025-12-12 09:01:19,AG-002
ENG-21644,CLI-10071,Soukaina Idrissi,Mourabaha Immo,815358.63,180,6.68,92,Debloque,2026-09-11 09:09:52,AG-003
ENG-21645,CLI-10444,Said Fikri,Ijara,720306.56,180,7.41,42,Debloque,2024-12-11 08:39:28,AG-002
ENG-21646,CLI-10111,Nadia El Fassi,Mourabaha Immo,717564.19,180,8.27,29,Valide,2023-05-14 13:57:00,AG-008
ENG-21647,CLI-10404,Ahmed Guedira,Mourabaha Immo,619260.59,240,8.64,20,Valide,2025-08-24 17:29:54,AG-005
ENG-21648,CLI-10192,Meryem Hakim,Mourabaha Immo,461398.18,240,5.1,26,Debloque,2024-04-21 17:33:08,AG-004
ENG-21649,CLI-10349,Abdellah Bencheikh,Credit Tresorerie,705807.89,12,4.56,39,Debloque,2025-06-03 14:31:25,AG-001
ENG-21650,CLI-10228,Meryem Mouline,Mourabaha Immo,431927.2,120,5.74,48,Debloque,2026-04-01 09:04:08,AG-008
ENG-21651,CLI-10423,Asmaa Fikri,Mourabaha Immo,651967.18,240,7.22,57,Debloque,2025-03-13 12:49:55,AG-003
ENG-21652,CLI-10105,Leila El Fassi,Investissement PME,445760.34,48,5.83,77,Debloque,2026-01-26 16:10:44,AG-008
ENG-21653,CLI-10208,Youssef Tazi,Ijara,475244.49,120,5.6,62,Debloque,2025-10-10 14:56:58,AG-006
ENG-21654,CLI-10013,Hicham Jai,Mourabaha Auto,162136.2,48,8.54,55,Debloque,2023-02-28 11:09:16,AG-008
ENG-21655,CLI-10391,Ahmed El Amrani,Credit Tresorerie,560739.95,24,3.77,20,En analyse,2025-05-13 09:30:22,AG-010
ENG-21656,CLI-10272,Imane Alaoui,Mourabaha Auto,,24,6.47,26,Valide,2023-05-09 09:03:18,AG-010
ENG-21657,CLI-10179,Zineb Tazi,Ijara,481939.81,240,4.67,62,Valide,2023-05-17 11:30:19,AG-006
ENG-21658,CLI-10181,Soukaina Mouline,Ijara,315270.57,120,3.73,21,Valide,2026-09-11 14:18:28,AG-005
ENG-21659,CLI-10431,Noureddine El Amrani,Credit Tresorerie,274296.17,36,3.7,79,Debloque,2023-07-20 16:44:35,AG-007
ENG-21660,CLI-10105,Leila El Fassi,Ijara,407080.67,120,5.9,33,Debloque,2026-07-26 16:27:07,AG-008
ENG-21661,CLI-10424,Amina El Fassi,Credit Tresorerie,93748.35,36,6.37,45,Valide,2023-08-28 08:46:20,AG-003
ENG-21662,CLI-10171,Meryem Benjelloun,Investissement PME,2097309.96,48,5.56,52,Debloque,2023-10-12 14:20:28,AG-007
ENG-21663,CLI-10280,Youssef El Amrani,Ijara,310407.76,120,6.68,95,Debloque,2024-05-06 14:25:42,AG-005
ENG-21664,CLI-10240,Leila Jai,Credit Tresorerie,383359.25,36,6.15,91,En analyse,2025-09-27 12:59:27,AG-008
ENG-21665,CLI-10249,Karim Ouazzani,Mourabaha Auto,230644.74,36,3.54,85,Valide,2024-08-06 15:48:24,AG-005
ENG-21666,CLI-10287,Khalid Slaoui,Credit Tresorerie,481046.67,12,4.9,28,Debloque,2023-03-11 10:55:33,AG-010
ENG-21667,CLI-10154,Ahmed El Amrani,Ijara,413836.48,240,6.07,44,Surveillance,2023-09-19 15:08:56,AG-007
ENG-21668,CLI-10005,Noureddine Ouazzani,Mourabaha Auto,198807.6,36,6.56,41,Contentieux,2026-08-15 09:07:56,AG-010
ENG-21669,,Hassan Bennani,Mourabaha Immo,577423.39,240,6.27,69,Valide,2023-01-15 09:09:04,AG-005
ENG-21670,CLI-10440,Ahmed Sbihi,Mourabaha Immo,917765.08,120,5.12,57,Debloque,2023-06-24 15:54:52,AG-009
ENG-21671,CLI-10229,Khadija Alaoui,Investissement PME,1557845.75,84,8.64,94,Debloque,2026-02-13 13:45:39,AG-002
ENG-21672,CLI-10396,Samira Fassi-Fihri,Ijara,515979.7,180,5.74,25,Debloque,2026-09-28 11:12:18,AG-005
ENG-21673,CLI-10009,Hassan Idrissi,Mourabaha Immo,573789.49,180,8.7,68,Debloque,2025-04-25 15:39:12,AG-008
ENG-21674,CLI-10094,Mehdi Bencheikh,Mourabaha Immo,390432.22,120,6.69,53,Valide,2023-08-01 13:44:18,AG-009
ENG-21675,CLI-10125,Noureddine Lamrani,Ijara,287295.0,240,6.73,30,Surveillance,2025-01-24 09:02:04,AG-001
ENG-21676,CLI-10425,Salma Idrissi,Credit Tresorerie,181515.44,24,3.55,84,En analyse,2026-06-18 17:45:13,AG-001
ENG-21677,CLI-10433,Hassan Slaoui,Ijara,314652.31,240,8.55,46,Valide,2025-09-17 11:22:31,AG-005
ENG-21678,CLI-10308,Asmaa Fassi-Fihri,Mourabaha Immo,828427.05,180,6.64,80,Debloque,2025-07-08 16:59:26,AG-010
ENG-21679,CLI-10199,Ahmed Bennani,Credit Tresorerie,352668.17,12,3.63,46,En analyse,2026-12-05 14:27:23,AG-005
ENG-21680,,Zineb Fikri,Mourabaha Immo,652956.02,180,6.46,53,Surveillance,2024-12-16 10:18:00,AG-001
ENG-21681,CLI-10451,Amine Berrada,Mourabaha Auto,168717.39,60,7.15,31,Valide,2026-01-11 09:37:01,AG-001
ENG-21682,CLI-10174,Samira Lamrani,Mourabaha Immo,791962.14,120,6.23,34,Debloque,2024-12-02 11:15:20,AG-006
ENG-21683,CLI-10433,Hassan Slaoui,Mourabaha Auto,381073.42,36,7.97,31,Surveillance,2023-12-02 17:03:33,AG-005
ENG-21684,CLI-10302,Amine El Amrani,Mourabaha Immo,864347.49,240,5.94,34,Debloque,2025-09-02 10:33:41,AG-001
ENG-21685,CLI-10119,Meryem Jai,Mourabaha Immo,803637.68,240,8.34,43,Debloque,2023-10-24 11:03:59,AG-010
ENG-21686,CLI-10113,Samira Benjelloun,Mourabaha Auto,205101.92,60,5.84,51,Debloque,2026-03-18 08:32:50,AG-002
ENG-21687,CLI-10072,Fatima Hakim,Investissement PME,1760948.6,36,5.42,93,Valide,2026-12-09 15:54:00,AG-001
ENG-21688,CLI-10467,Omar Guedira,Mourabaha Auto,227082.94,24,8.96,31,En analyse,2025-11-18 11:43:49,AG-008
ENG-21689,CLI-10005,Noureddine Ouazzani,Credit Tresorerie,20000,36,5.96,84,Valide,2024-02-18 17:07:47,AG-010
ENG-21690,CLI-10342,Imane Hakim,Ijara,704608.53,120,6.11,72,Debloque,2025-11-01 09:25:51,AG-009
ENG-21691,CLI-10246,Amine Jai,Mourabaha Auto,342579.38,60,8.28,36,Debloque,2024-07-08 14:34:33,AG-004
ENG-21692,CLI-10342,Imane Hakim,Ijara,401256.26,120,7.51,70,Surveillance,2024-08-13 10:37:10,AG-009
ENG-21693,CLI-10222,Ahmed Jai,Ijara,128290.29,120,6.63,44,Debloque,2026-02-13 13:10:11,AG-007
ENG-21694,CLI-10329,Imane Alaoui,Mourabaha Auto,286406.28,24,6.05,94,Debloque,2025-10-18 09:08:20,AG-005
ENG-21695,,Rachid Hakim,Ijara,476282.1,240,8.1,68,Valide,2024-09-12 16:01:20,AG-005
ENG-21696,CLI-10482,Noureddine Berrada,Investissement PME,2046880.95,36,7.75,33,Surveillance,2026-06-16 16:37:12,AG-003
ENG-21697,CLI-10489,Mehdi Erraji,Credit Tresorerie,20000,24,8.27,64,Debloque,2026-02-21 09:53:19,AG-003
ENG-21698,CLI-10021,Zineb Berrada,Mourabaha Immo,321054.35,240,5.49,25,En analyse,2024-05-09 17:45:40,AG-007
ENG-21699,CLI-10486,Mohamed Mouline,Ijara,415674.46,240,6.05,26,Debloque,2023-03-19 11:01:07,AG-004
ENG-21700,CLI-10450,Leila Mouline,Mourabaha Immo,320046.05,240,3.57,84,Debloque,2023-08-09 10:36:48,AG-008
ENG-21701,CLI-10206,Hind Sbihi,Mourabaha Auto,159994.31,36,4.39,44,Debloque,2024-02-21 16:01:24,AG-008
ENG-21702,CLI-10022,Said Bencheikh,Mourabaha Immo,452832.99,180,7.01,22,Surveillance,2025-03-13 14:08:16,AG-010
ENG-21703,CLI-10294,Omar Mouline,Ijara,339576.4,240,6.99,23,Debloque,2025-08-26 09:51:41,AG-006
ENG-21704,CLI-10157,Mehdi Slaoui,Ijara,722628.13,240,8.79,67,Surveillance,2026-05-02 14:34:57,AG-007
ENG-21705,CLI-10107,Khalid El Amrani,Ijara,281817.57,120,4.9,28,Valide,2026-09-18 14:22:59,AG-010
ENG-21706,CLI-10102,Asmaa El Amrani,Mourabaha Auto,557494.23,48,6.29,57,Debloque,2024-11-12 16:27:40,AG-006
ENG-21707,CLI-10214,Amine Benjelloun,Credit Tresorerie,310898.42,24,6.35,50,Valide,2026-08-12 16:30:00,AG-005
ENG-21708,CLI-10462,Ahmed Slaoui,Mourabaha Auto,606821.94,36,4.37,72,Debloque,2024-11-27 12:19:15,AG-007
ENG-21709,CLI-10374,Hicham Bennani,Ijara,317326.61,240,3.67,23,,2025-06-26 08:23:46,AG-001
ENG-21710,CLI-10138,Ahmed El Amrani,Ijara,305974.24,120,7.53,21,En analyse,2024-05-06 17:48:12,AG-006
ENG-21711,CLI-10357,Salma Alaoui,Ijara,565433.14,120,8.14,95,Valide,2025-11-21 08:15:35,AG-010
ENG-21712,CLI-10033,Mohamed Bencheikh,Ijara,836047.98,180,6.58,64,,2023-11-05 08:19:21,AG-004
ENG-21713,CLI-10049,Noureddine Mouline,Mourabaha Immo,369755.89,120,8.5,53,Debloque,2024-04-25 15:39:54,AG-001
ENG-21714,CLI-10170,Meryem Guedira,Mourabaha Immo,1229991.23,240,7.49,32,Valide,2024-11-12 17:01:17,AG-010
ENG-21715,CLI-10086,Zineb Balafrej,Ijara,396558.68,180,4.32,-5,Debloque,2026-03-26 13:07:44,AG-004
ENG-21716,CLI-10115,Hicham Guedira,Ijara,414631.85,240,7.43,64,Valide,2025-02-09 14:02:51,AG-006
ENG-21717,CLI-10466,Asmaa El Fassi,Mourabaha Auto,207847.69,24,6.12,58,Valide,2025-06-25 11:44:29,AG-005
ENG-21718,CLI-10473,Leila Ouazzani,Mourabaha Auto,171282.56,36,6.11,89,Debloque,2026-08-07 11:28:16,AG-005
ENG-21719,CLI-10432,Khadija Ouazzani,Mourabaha Immo,786871.95,180,5.56,74,Debloque,2024-07-09 09:11:48,AG-006
ENG-21720,CLI-10264,Abdellah Tazi,Mourabaha Immo,828888.86,120,6.31,76,Debloque,2023-10-20 08:27:36,AG-006
ENG-21721,CLI-10309,Mohamed Ouazzani,Credit Tresorerie,442138.43,12,8.58,63,Surveillance,2026-12-16 08:19:21,AG-008
ENG-21722,CLI-10316,Samira Berrada,Credit Tresorerie,451660.77,36,4.29,36,Surveillance,2026-08-08 09:11:48,AG-001
ENG-21723,CLI-10401,Noureddine Ouazzani,Mourabaha Immo,872805.94,240,8.76,59,Debloque,2023-11-10 10:03:09,AG-007
ENG-21724,CLI-10418,Khalid Fikri,Mourabaha Immo,117351.47,180,5.51,38,Debloque,2024-02-08 12:08:30,AG-004
ENG-21725,,Fatima Alaoui,Ijara,279541.36,120,4.11,62,Valide,2023-12-10 12:12:57,AG-003
ENG-21726,CLI-10154,Ahmed El Amrani,Mourabaha Immo,854054.2,240,5.55,30,Surveillance,2024-11-19 15:30:07,AG-007
ENG-21727,CLI-10055,Samira Lamrani,Mourabaha Immo,380578.03,120,8.72,79,Debloque,2026-06-26 09:58:28,AG-002
ENG-21728,CLI-10083,Asmaa Mouline,Ijara,524289.54,180,4.28,30,Debloque,2026-04-27 17:09:10,AG-008
ENG-21729,CLI-10204,Ahmed Bencheikh,Mourabaha Auto,218937.58,36,7.24,75,Debloque,2023-01-12 10:36:32,AG-002
ENG-21730,CLI-10250,Omar Bencheikh,Mourabaha Immo,,240,5.11,30,Debloque,2024-01-09 12:20:03,AG-009
ENG-21731,CLI-10068,Rachid Mouline,Mourabaha Auto,204321.42,36,6.58,91,Debloque,2024-12-10 13:56:03,AG-002
ENG-21732,CLI-10162,Noureddine Fikri,Ijara,560105.66,180,7.69,26,Valide,2023-05-01 17:49:46,AG-009
ENG-21733,CLI-10140,Hind Idrissi,Ijara,316409.53,,6.94,88,Debloque,2024-04-26 14:34:32,AG-005
ENG-21734,CLI-10426,Ahmed Sbihi,Ijara,142311.39,120,5.96,29,En analyse,2025-02-08 11:17:24,AG-005
ENG-21735,CLI-10082,Mohamed Sbihi,Mourabaha Immo,1042181.11,240,4.43,50,Valide,2024-11-24 09:56:48,AG-007
ENG-21736,CLI-10268,Hicham Sbihi,Mourabaha Immo,743719.56,240,5.76,73,Debloque,2024-09-19 09:41:44,AG-005
ENG-21737,CLI-10126,Fatima Guedira,Mourabaha Auto,124316.81,48,7.06,74,Debloque,2023-01-01 13:08:05,AG-003
ENG-21738,CLI-10368,Imane Ouazzani,Mourabaha Immo,468082.79,120,8.82,21,Debloque,2026-04-09 16:23:55,AG-001
ENG-21739,CLI-10407,Amine Berrada,Mourabaha Auto,107305.63,24,4.49,78,En analyse,2025-02-25 09:56:49,AG-004
ENG-21740,CLI-10042,Youssef Bennani,Mourabaha Auto,193300.96,48,5.49,66,Debloque,2026-03-20 14:22:21,AG-001
ENG-21741,CLI-10059,Salma Slaoui,Mourabaha Auto,135990.32,36,5.92,34,Debloque,2026-03-28 14:15:37,AG-005
ENG-21742,CLI-10055,Samira Lamrani,Mourabaha Immo,667652.95,180,7.71,68,Surveillance,2026-09-08 08:23:23,AG-002
ENG-21743,CLI-10235,Mohamed Fassi-Fihri,Mourabaha Immo,224162.36,180,7.61,25,Valide,2024-04-22 12:42:24,AG-003
ENG-21744,CLI-10155,Meryem Zniber,Mourabaha Immo,689028.8,180,8.37,42,Debloque,2024-12-07 08:18:43,AG-006
ENG-21745,CLI-10413,Noureddine Kabbaj,Ijara,441459.47,120,6.94,33,Debloque,2025-09-08 09:38:25,AG-007
ENG-21746,CLI-10378,Omar El Fassi,Ijara,193664.15,180,4.94,23,Debloque,2026-06-13 16:36:24,AG-007
ENG-21747,CLI-10463,Khadija Kabbaj,Ijara,544652.42,240,7.79,49,En analyse,2025-09-08 15:43:38,AG-006
ENG-21748,CLI-10117,Ahmed Zniber,Ijara,587975.31,120,7.3,30,Debloque,2024-12-05 17:07:42,AG-009
ENG-21749,CLI-10248,Samira Fassi-Fihri,Investissement PME,1197887.83,60,3.85,53,En analyse,2024-10-04 09:34:28,AG-004
ENG-21750,CLI-10263,Omar Bencheikh,Mourabaha Immo,624629.46,180,4.18,44,En analyse,2023-08-23 17:49:25,AG-005
ENG-21751,CLI-10435,Nadia Zniber,Credit Tresorerie,206179.65,36,7.51,86,Debloque,2026-05-19 17:28:39,AG-003
ENG-21752,CLI-10162,Noureddine Fikri,Mourabaha Immo,866752.03,120,4.09,35,Inconnu,2026-06-14 13:33:47,AG-009
ENG-21753,CLI-10340,Noureddine Sbihi,Mourabaha Immo,1142679.89,180,3.92,47,Debloque,2025-07-28 11:06:26,AG-006
ENG-21754,CLI-10049,Noureddine Mouline,Mourabaha Immo,347143.03,180,8.9,66,Debloque,2026-03-24 14:06:26,AG-001
ENG-21755,CLI-10312,Ahmed Tazi,Ijara,218599.8,120,3.99,47,Debloque,2023-07-17 10:44:03,AG-010
ENG-21756,CLI-10107,Khalid El Amrani,Mourabaha Auto,257725.48,24,6.25,74,Contentieux,2025-04-26 10:07:24,AG-010
ENG-21757,CLI-10354,Mohamed Slaoui,Mourabaha Immo,641608.97,120,3.92,87,Valide,2023-01-10 17:53:03,AG-006
ENG-21758,CLI-10345,Zineb Berrada,Mourabaha Immo,428340.18,180,7.62,67,Debloque,2025-09-08 13:44:26,AG-003
ENG-21759,CLI-10421,Mehdi Lamrani,Credit Tresorerie,220695.07,36,7.67,35,Valide,2025-12-07 17:40:09,AG-002
ENG-21760,CLI-10165,Khadija Ouazzani,Mourabaha Auto,97275.65,48,4.08,54,En analyse,2024-06-18 09:40:47,AG-009
ENG-21761,CLI-10463,Khadija Kabbaj,Investissement PME,2079169.3,84,8.44,33,Debloque,2024-12-07 14:51:02,AG-006
ENG-21762,CLI-10278,Asmaa Hakim,Ijara,804872.87,240,6.79,65,Valide,2024-12-25 16:16:20,AG-006
ENG-21763,CLI-10161,Driss Fikri,Ijara,519769.28,120,8.42,80,Debloque,2025-10-02 17:27:44,AG-008
ENG-21764,CLI-10186,Khadija Slaoui,Credit Tresorerie,98789.32,36,6.46,37,Debloque,2023-09-24 17:38:55,AG-009
ENG-21765,CLI-10056,Soukaina Ouazzani,Ijara,144203.98,180,7.08,31,Debloque,2023-02-07 11:39:30,AG-007
ENG-21766,CLI-10220,Hicham Berrada,Ijara,225705.14,180,7.31,35,Debloque,2024-12-10 08:45:58,AG-005
ENG-21767,CLI-10068,Rachid Mouline,Mourabaha Auto,119673.55,48,4.02,87,Surveillance,2024-01-14 11:11:46,AG-002
ENG-21768,CLI-10161,Driss Fikri,Mourabaha Immo,323748.33,120,4.02,89,En analyse,2025-05-09 10:18:48,AG-008
ENG-21769,CLI-10447,Abdellah Balafrej,Credit Tresorerie,380910.37,12,4.37,55,Valide,2025-01-23 17:19:28,AG-009
ENG-21770,CLI-10360,Said Erraji,Credit Tresorerie,726807.88,12,4.15,85,Debloque,2023-06-14 12:00:39,AG-006
ENG-21771,CLI-10146,Omar Balafrej,Mourabaha Immo,328520.15,240,6.91,28,Surveillance,2026-01-11 12:53:40,AG-010
ENG-21772,CLI-10430,Ahmed Alaoui,Mourabaha Immo,634318.52,120,7.26,27,Debloque,2024-07-28 09:42:57,AG-006
ENG-21773,CLI-10037,Soukaina Erraji,Mourabaha Immo,462840.12,240,4.97,93,Debloque,2024-01-21 10:15:30,AG-010
ENG-21774,CLI-10196,Ahmed El Fassi,Ijara,648202.15,240,8.65,74,Debloque,2024-10-12 11:14:34,AG-007
ENG-21775,CLI-10292,Noureddine Zniber,Mourabaha Immo,890707.76,240,7.8,44,Debloque,2023-10-26 11:50:50,AG-002
ENG-21776,CLI-10144,Amine Bencheikh,Mourabaha Auto,153457.0,36,5.12,68,Debloque,2024-09-24 11:17:26,AG-004
ENG-21777,CLI-10413,Noureddine Kabbaj,Mourabaha Immo,345670.4,120,4.92,80,Debloque,2026-07-20 12:46:02,AG-007
ENG-21778,CLI-10398,Mehdi Guedira,Credit Tresorerie,291603.31,24,4.47,51,Debloque,2024-07-20 10:35:21,AG-001
ENG-21779,CLI-10231,Mohamed Sbihi,Mourabaha Immo,476689.79,240,8.24,40,Contentieux,2025-10-09 15:53:40,AG-009
ENG-21780,CLI-10128,Mehdi El Fassi,Mourabaha Auto,302202.16,60,5.06,46,Valide,2023-08-13 13:02:16,AG-007
ENG-21781,CLI-10411,Hassan Balafrej,Ijara,412488.89,240,7.89,63,Valide,2026-04-09 12:47:46,AG-004
ENG-21782,CLI-10206,Hind Sbihi,Mourabaha Auto,216907.64,60,5.86,95,Debloque,2025-08-01 14:44:06,AG-008
ENG-21783,CLI-10437,Samira Mouline,Credit Tresorerie,447241.53,24,6.71,30,Debloque,2026-02-03 08:48:13,AG-008
ENG-21784,CLI-10134,Driss Kabbaj,Mourabaha Auto,285849.89,60,4.06,70,Debloque,2025-07-14 13:00:41,AG-001
ENG-21785,CLI-10278,Asmaa Hakim,Mourabaha Auto,235793.06,24,5.61,57,Valide,2024-04-10 11:23:39,AG-006
ENG-21786,CLI-10223,Fatima Balafrej,Mourabaha Auto,334797.05,48,3.6,55,Valide,2023-11-11 14:26:54,AG-006
ENG-21787,CLI-10405,Karim Lamrani,Investissement PME,802941.63,48,8.04,53,Surveillance,2026-02-16 16:37:10,AG-001
ENG-21788,CLI-10411,Hassan Balafrej,Ijara,412608.27,180,8.77,36,Valide,2024-09-11 15:27:47,AG-004
ENG-21789,CLI-10193,Nadia Bencheikh,Credit Tresorerie,182598.35,12,6.96,51,Debloque,2025-10-08 14:55:35,AG-009
ENG-21790,CLI-10344,Salma Mouline,Ijara,592768.05,180,6.32,48,En analyse,2023-01-25 09:54:48,AG-005
ENG-21791,CLI-10282,Fatima Idrissi,Mourabaha Auto,189560.89,36,3.51,57,Debloque,2025-03-28 15:29:22,AG-003
ENG-21792,CLI-10389,Asmaa El Amrani,Ijara,507791.11,120,5.63,73,Valide,2024-12-14 11:16:19,AG-005
ENG-21793,CLI-10109,Youssef Sbihi,Mourabaha Auto,318642.05,60,7.61,51,Valide,2023-11-05 11:14:23,AG-005
ENG-21794,CLI-10216,Hicham Sbihi,Mourabaha Immo,628590.82,240,8.13,26,Debloque,2024-02-15 12:17:55,AG-004
ENG-21795,CLI-10237,Zineb Erraji,Credit Tresorerie,520833.43,12,5.63,70,Debloque,2025-12-02 16:39:57,AG-001
ENG-21796,CLI-10469,Amine Fikri,Credit Tresorerie,524631.82,24,7.98,53,Debloque,2025-10-09 12:41:15,AG-009
ENG-21797,CLI-10430,Ahmed Alaoui,Ijara,299169.97,120,5.95,78,Debloque,2023-04-16 14:29:26,AG-006
ENG-21798,CLI-10145,Amine Bencheikh,Mourabaha Immo,622262.51,120,3.62,81,Debloque,2025-02-10 17:28:22,AG-010
ENG-21799,CLI-10046,Driss Jai,Mourabaha Immo,426572.64,240,7.77,27,Debloque,2023-01-21 08:36:54,AG-004
ENG-21800,CLI-10018,Ahmed Tazi,Mourabaha Auto,159034.07,48,5.69,84,Valide,2025-12-09 13:15:33,AG-007
ENG-21801,CLI-10410,Driss Mouline,Mourabaha Immo,519744.87,180,8.75,45,Surveillance,2024-07-14 08:40:43,AG-001
ENG-21802,CLI-10344,Salma Mouline,Mourabaha Auto,139723.65,24,4.93,23,Surveillance,2023-02-02 11:52:19,AG-005
ENG-21803,CLI-10386,Fatima El Amrani,Mourabaha Auto,343878.58,60,8.08,30,En analyse,2023-11-11 16:13:47,AG-001
ENG-21804,CLI-10404,Ahmed Guedira,Investissement PME,1056318.26,84,5.85,59,Debloque,2026-08-14 09:32:41,AG-005
ENG-21805,CLI-10210,Asmaa Bennani,Ijara,340627.96,180,7.53,72,Debloque,2026-09-05 17:01:47,AG-004
ENG-21806,CLI-10069,Hicham El Fassi,Ijara,279017.32,180,8.88,95,Debloque,2023-05-23 10:44:14,AG-009
ENG-21807,CLI-10002,Noureddine Jai,Mourabaha Auto,265420.35,60,8.5,22,Valide,2026-11-08 17:34:27,AG-002
ENG-21808,CLI-10080,Said Alaoui,Mourabaha Immo,569412.45,120,5.45,47,Surveillance,2026-07-02 12:31:19,AG-004
ENG-21809,CLI-10125,Noureddine Lamrani,Mourabaha Immo,421413.65,180,7.53,84,Valide,2025-08-10 12:52:08,AG-001
ENG-21810,CLI-10135,Imane Alaoui,Mourabaha Immo,553019.43,120,8.62,41,Surveillance,2024-09-16 11:53:22,AG-008
ENG-21811,CLI-10276,Hind Fikri,Credit Tresorerie,,24,5.77,83,Debloque,2023-04-03 11:58:23,AG-008
ENG-21812,CLI-10073,Imane Balafrej,Ijara,188248.75,180,4.58,73,Debloque,2023-06-07 17:59:33,AG-007
ENG-21813,CLI-10187,Imane Fassi-Fihri,Mourabaha Auto,305095.01,48,5.39,27,Debloque,2025-12-22 09:58:10,AG-001
ENG-21814,CLI-10284,Noureddine Benjelloun,Investissement PME,1004254.36,60,5.49,86,Debloque,2023-07-15 13:48:39,AG-003
ENG-21815,CLI-10276,Hind Fikri,Mourabaha Immo,1066215.12,180,6.43,93,En analyse,2023-12-02 11:34:04,AG-008
ENG-21816,CLI-10444,Said Fikri,Ijara,181005.71,180,4.2,42,Valide,2024-02-23 17:56:23,AG-002
ENG-21817,CLI-10382,Soukaina Erraji,Credit Tresorerie,499711.11,36,7.55,33,Valide,2025-03-16 11:18:05,AG-009
ENG-21818,CLI-10152,Leila Slaoui,Mourabaha Auto,251584.31,24,4.58,30,Valide,2025-06-07 08:04:20,AG-010
ENG-21819,CLI-10098,Leila El Fassi,Mourabaha Immo,648865.12,180,6.43,32,Surveillance,2026-06-20 16:19:42,AG-001
ENG-21820,CLI-10164,Amine Kabbaj,Ijara,462179.98,240,8.12,75,Valide,2025-06-10 09:50:35,AG-002
ENG-21821,CLI-10095,Zineb Hakim,Mourabaha Auto,379966.69,48,5.38,27,Debloque,2023-10-24 09:01:26,AG-004
ENG-21822,CLI-10470,Samira Balafrej,Mourabaha Auto,208127.18,60,8.9,68,Debloque,2023-01-02 16:40:08,AG-010
ENG-21823,CLI-10129,Said Zniber,Mourabaha Immo,763466.26,120,5.8,84,Surveillance,2024-11-03 15:22:59,AG-007
ENG-21824,CLI-10088,Abdellah Slaoui,Mourabaha Auto,118092.96,60,8.1,92,Debloque,2024-01-17 11:40:17,AG-008
ENG-21825,CLI-10410,Driss Mouline,Investissement PME,1230214.1,60,6.63,37,Debloque,2025-08-05 10:35:40,AG-001
ENG-21826,CLI-10361,Fatima Balafrej,Mourabaha Immo,609108.16,120,3.67,79,Surveillance,2025-09-11 17:31:47,AG-009
ENG-21827,CLI-10413,Noureddine Kabbaj,Mourabaha Immo,550734.44,240,5.42,57,Valide,2023-06-22 16:56:59,AG-007
ENG-21828,CLI-10012,Nadia Sbihi,Mourabaha Auto,181570.1,36,8.52,86,Debloque,2026-01-10 16:01:11,AG-004
ENG-21829,CLI-10426,Ahmed Sbihi,Mourabaha Immo,1328005.71,180,8.38,53,Debloque,2026-12-20 13:02:45,AG-005
ENG-21830,CLI-10132,Driss Zniber,Credit Tresorerie,337113.68,36,6.26,94,Debloque,2026-07-23 12:13:02,AG-010
ENG-21831,CLI-10322,Hind Bencheikh,Credit Tresorerie,317430.94,36,6.57,87,Debloque,2026-12-13 13:27:44,AG-007
ENG-21832,CLI-10315,Fatima Sbihi,Mourabaha Auto,281362.39,36,3.91,69,Debloque,2023-07-21 10:56:59,AG-008
ENG-21833,CLI-10303,Said Mouline,Mourabaha Immo,541692.78,240,8.27,91,Debloque,2025-08-27 17:17:42,AG-001
ENG-21834,CLI-10463,Khadija Kabbaj,Credit Tresorerie,369364.03,36,6.88,47,Debloque,2024-06-04 12:54:33,AG-006
ENG-21835,CLI-10392,Mohamed Slaoui,Mourabaha Immo,572978.88,240,6.63,59,En analyse,2023-05-15 17:46:03,AG-001
ENG-21836,CLI-10120,Amina Bennani,Mourabaha Immo,1010035.02,120,6.58,95,Debloque,2023-12-14 15:13:40,AG-010
ENG-21837,CLI-10374,Hicham Bennani,Mourabaha Immo,637176.99,120,7.94,52,Surveillance,2026-11-17 14:53:51,AG-001
ENG-21838,CLI-10353,Noureddine Fikri,Mourabaha Auto,183091.99,36,5.52,88,Debloque,2024-09-06 16:57:00,AG-008
ENG-21839,CLI-10057,Imane El Fassi,Ijara,482093.07,120,5.9,85,Debloque,2026-09-24 12:43:53,AG-010
ENG-21840,CLI-10465,Hind Fikri,Ijara,415680.18,180,6.26,71,Valide,2024-08-09 12:36:20,AG-006
ENG-21841,CLI-10244,Said Ouazzani,Mourabaha Immo,994759.35,120,3.95,81,Valide,2025-11-26 13:38:40,AG-002
ENG-21842,CLI-10258,Hassan Hakim,Mourabaha Auto,371769.72,60,5.01,78,Contentieux,2023-11-03 12:33:24,AG-001
ENG-21843,CLI-10476,Samira Benjelloun,Mourabaha Immo,282701.71,240,7.09,83,Debloque,2025-04-09 17:26:22,AG-002
ENG-21844,CLI-10037,Soukaina Erraji,Mourabaha Auto,296811.41,60,5.21,34,Debloque,2026-09-20 14:15:59,AG-010
ENG-21845,CLI-10468,Rachid Sbihi,Credit Tresorerie,216869.55,36,6.27,43,En analyse,2023-07-26 11:53:02,AG-010
ENG-21846,CLI-10244,Said Ouazzani,Mourabaha Auto,228160.63,36,4.45,55,Valide,2025-09-26 11:19:49,AG-002
ENG-21847,CLI-10086,Zineb Balafrej,Ijara,269921.83,,6.36,52,Debloque,2023-02-26 16:02:17,AG-004
ENG-21848,CLI-10466,Asmaa El Fassi,Mourabaha Immo,887370.06,120,3.9,62,Surveillance,2026-12-08 13:50:56,AG-005
ENG-21849,CLI-10205,Mehdi Fikri,Investissement PME,355836.35,60,4.94,999,Surveillance,2025-04-19 10:57:25,AG-010
ENG-21850,CLI-10439,Khalid Slaoui,Mourabaha Immo,512358.67,240,8.04,71,Debloque,2024-08-05 08:40:21,AG-009
ENG-21851,CLI-10203,Meryem Jai,Investissement PME,1840802.24,36,4.09,39,Debloque,2025-07-15 10:51:32,AG-006
ENG-21852,CLI-10022,Said Bencheikh,Mourabaha Immo,465253.47,120,8.34,65,Contentieux,2024-09-08 08:43:31,AG-010
ENG-21853,CLI-10448,Noureddine El Amrani,Mourabaha Immo,929431.65,180,4.5,53,Valide,2025-07-16 16:17:18,AG-001
ENG-21854,CLI-10002,Noureddine Jai,Ijara,490854.23,240,7.77,22,Debloque,2025-02-22 17:44:36,AG-002
ENG-21855,CLI-10311,Hassan Balafrej,Ijara,312185.97,120,4.34,55,Valide,2025-10-25 10:21:13,AG-008
ENG-21856,CLI-10220,Hicham Berrada,Credit Tresorerie,339597.1,36,6.48,86,Debloque,2024-09-25 13:42:36,AG-005
ENG-21857,CLI-10226,Said Alaoui,Ijara,233578.09,240,8.44,81,En analyse,2025-05-24 17:16:41,AG-010
ENG-21858,CLI-10108,Asmaa Sbihi,Mourabaha Auto,271792.07,48,4.72,75,Debloque,2026-02-11 14:51:36,AG-004
ENG-21859,CLI-10073,Imane Balafrej,Mourabaha Auto,308339.7,24,6.18,50,Valide,2023-06-07 13:37:29,AG-007
ENG-21860,CLI-10027,Leila Jai,Mourabaha Auto,155939.66,24,4.18,62,Debloque,2026-08-28 11:49:18,AG-009
ENG-21861,CLI-10135,Imane Alaoui,Mourabaha Immo,1079905.19,180,7.32,81,Valide,2025-06-15 16:21:25,AG-008
ENG-21862,CLI-10115,Hicham Guedira,Mourabaha Immo,784802.51,240,8.82,82,Valide,2026-09-11 13:29:13,AG-006
ENG-21863,CLI-10161,Driss Fikri,Mourabaha Immo,607134.99,180,5.42,22,Debloque,2025-08-24 17:19:53,AG-008
ENG-21864,CLI-10476,Samira Benjelloun,Ijara,334379.25,240,5.75,25,Valide,2025-11-21 09:49:12,AG-002
ENG-21865,CLI-10123,Meryem Lamrani,Mourabaha Immo,426923.77,240,5.16,20,Valide,2026-02-09 14:51:37,AG-001
ENG-21866,CLI-10228,Meryem Mouline,Mourabaha Auto,153754.21,24,4.9,83,Debloque,2026-12-26 11:18:07,AG-008
ENG-21867,CLI-10366,Mehdi Benjelloun,Mourabaha Immo,398084.41,240,4.69,56,Debloque,2026-01-04 15:01:12,AG-002
ENG-21868,CLI-10199,Ahmed Bennani,Mourabaha Immo,486976.68,120,6.03,23,Debloque,2023-02-15 08:24:29,AG-005
ENG-21869,CLI-10331,Abdellah Erraji,Mourabaha Immo,887023.63,240,6.79,87,Valide,2023-07-23 10:07:47,AG-004
ENG-21870,CLI-10297,Salma Slaoui,Credit Tresorerie,440902.57,12,7.16,94,Debloque,2026-11-08 13:12:50,AG-001
ENG-21871,CLI-10123,Meryem Lamrani,Ijara,284894.72,240,6.77,25,Debloque,2026-03-05 16:34:13,AG-001
ENG-21872,CLI-10044,Imane Fassi-Fihri,Investissement PME,812721.55,48,7.9,33,Debloque,2023-02-09 11:03:38,AG-009
ENG-21873,CLI-10439,Khalid Slaoui,Mourabaha Immo,470777.68,240,4.75,71,Surveillance,2024-06-16 17:26:28,AG-009
ENG-21874,CLI-10453,Asmaa Jai,Mourabaha Immo,790547.5,240,4.97,22,Valide,2023-11-02 15:43:46,AG-004
ENG-21875,CLI-10187,Imane Fassi-Fihri,Mourabaha Auto,152737.96,36,5.64,23,Debloque,2025-03-22 14:15:57,AG-001
ENG-21876,CLI-10415,Meryem Kabbaj,Mourabaha Auto,293376.51,48,7.39,28,Valide,2026-07-19 09:05:51,AG-007
ENG-21877,CLI-10066,Hicham Fikri,Investissement PME,1666688.79,60,6.95,41,Valide,2024-07-03 09:37:31,AG-003
ENG-21878,CLI-10280,Youssef El Amrani,Mourabaha Auto,163060.57,36,8.14,59,Debloque,2025-08-09 12:24:58,AG-005
ENG-21879,CLI-10110,Nadia Erraji,Mourabaha Immo,399067.98,180,8.58,34,Debloque,2025-02-07 14:58:28,AG-001
ENG-21880,CLI-10495,Hind Mouline,Mourabaha Immo,614725.48,180,4.29,46,Debloque,2023-12-19 11:28:53,AG-004
ENG-21881,CLI-10220,Hicham Berrada,Ijara,369966.41,180,8.24,30,Valide,2024-03-01 09:16:42,AG-005
ENG-21882,CLI-10102,Asmaa El Amrani,Mourabaha Immo,302832.35,180,8.86,32,,2026-03-18 11:58:24,AG-006
ENG-21883,CLI-10247,Noureddine Erraji,Credit Tresorerie,262261.54,24,3.75,93,En analyse,2026-11-22 15:27:06,AG-008
ENG-21884,CLI-10122,Noureddine Guedira,Mourabaha Auto,377918.47,60,4.29,67,En analyse,2026-11-16 09:40:26,AG-008
ENG-21885,CLI-10049,Noureddine Mouline,Ijara,581941.67,240,5.67,26,Debloque,2023-09-13 17:14:02,AG-001
ENG-21886,CLI-10424,Amina El Fassi,Mourabaha Auto,331302.66,60,8.15,62,Debloque,2025-10-14 15:19:06,AG-003
ENG-21887,CLI-10043,Noureddine Mouline,Ijara,306828.3,120,6.85,22,Debloque,2025-10-02 17:46:45,AG-007
ENG-21888,CLI-10331,Abdellah Erraji,Mourabaha Immo,1287351.12,180,4.22,34,Debloque,2026-11-02 09:35:04,AG-004
ENG-21889,CLI-10192,Meryem Hakim,Mourabaha Auto,299398.81,36,6.69,79,Contentieux,2026-05-06 09:21:59,AG-004
ENG-21890,CLI-10307,Amina Fikri,Mourabaha Immo,502669.5,180,7.51,63,Contentieux,2026-01-05 10:07:27,AG-004
ENG-21891,CLI-10476,Samira Benjelloun,Mourabaha Auto,159190.52,48,7.86,85,En analyse,2024-04-25 13:34:14,AG-002
ENG-21892,CLI-10424,Amina El Fassi,Mourabaha Immo,420479.64,240,8.12,30,En analyse,2025-08-08 13:54:05,AG-003
ENG-21893,CLI-10174,Samira Lamrani,Credit Tresorerie,314407.86,36,7.38,35,En analyse,2024-12-03 12:03:58,AG-006
ENG-21894,CLI-10046,Driss Jai,Mourabaha Immo,697598.18,240,4.84,31,Debloque,2025-09-21 17:45:30,AG-004
ENG-21895,CLI-10007,Abdellah El Amrani,Investissement PME,1474889.99,84,4.05,83,En analyse,2026-12-01 11:02:22,AG-005
ENG-21896,CLI-10232,Asmaa Fassi-Fihri,Credit Tresorerie,360087.39,36,5.17,36,Valide,2026-01-11 09:25:16,AG-007
ENG-21897,CLI-10119,Meryem Jai,Mourabaha Auto,177398.87,36,4.81,69,Debloque,2023-09-15 14:29:29,AG-010
ENG-21898,CLI-10224,Hind Lamrani,Credit Tresorerie,198688.51,12,5.63,48,Valide,2026-11-21 11:53:05,AG-004
ENG-21899,CLI-10242,Abdellah Idrissi,Mourabaha Auto,335501.51,48,6.69,73,Debloque,2026-06-25 15:57:16,AG-001
ENG-21900,CLI-10175,Khalid Zniber,Mourabaha Immo,767496.84,120,5.16,55,Surveillance,2023-10-10 15:46:51,AG-007
ENG-21901,CLI-10060,Karim Berrada,Ijara,657789.29,180,8.15,40,Debloque,2026-10-25 17:57:23,AG-002
ENG-21902,CLI-10368,Imane Ouazzani,Credit Tresorerie,233161.22,24,5.77,35,Valide,2023-08-19 15:25:19,AG-001
ENG-21903,CLI-10186,Khadija Slaoui,Mourabaha Immo,502418.57,180,4.32,92,Debloque,2024-03-13 17:13:18,AG-009
ENG-21904,CLI-10138,Ahmed El Amrani,Investissement PME,1273966.62,36,7.67,94,En analyse,2025-11-13 16:54:22,AG-006
ENG-21905,CLI-10006,Amina Jai,Credit Tresorerie,162603.42,36,4.5,72,En analyse,2024-07-26 16:30:02,AG-006
ENG-21906,CLI-10442,Imane Fassi-Fihri,Ijara,376668.42,180,8.4,76,Debloque,2026-01-25 11:36:36,AG-010
ENG-21907,CLI-10209,Youssef Slaoui,Mourabaha Immo,446747.09,120,8.34,76,En analyse,2023-01-15 11:22:07,AG-007
ENG-21908,CLI-10306,Driss Jai,Ijara,537870.61,120,7.13,24,Debloque,2024-05-07 10:14:12,AG-004
ENG-21909,CLI-10398,Mehdi Guedira,Mourabaha Immo,664433.77,240,8.61,52,Valide,2023-07-27 08:53:54,AG-001
ENG-21910,CLI-10194,Hind Idrissi,Mourabaha Auto,254542.19,48,7.39,20,Debloque,2025-11-05 11:21:28,AG-006
ENG-21911,CLI-10201,Mohamed Erraji,Mourabaha Immo,495870.42,120,6.28,51,Debloque,2023-01-26 14:55:16,AG-005
ENG-21912,CLI-10454,Said Slaoui,Credit Tresorerie,398988.14,24,5.08,81,Debloque,2025-04-04 09:37:40,AG-002
ENG-21913,CLI-10410,Driss Mouline,Ijara,539464.33,180,8.8,38,Debloque,2023-06-08 15:26:48,AG-001
ENG-21914,CLI-10497,Mohamed Lamrani,Mourabaha Immo,,180,7.9,81,Debloque,2026-09-17 15:34:25,AG-006
ENG-21915,CLI-10118,Samira Hakim,Mourabaha Auto,355623.55,36,8.38,81,En analyse,2023-10-23 13:35:25,AG-006
ENG-21916,CLI-10473,Leila Ouazzani,Mourabaha Immo,675738.11,240,7.77,36,Debloque,2026-10-17 15:10:58,AG-005
ENG-21917,CLI-10255,Nadia Fassi-Fihri,Mourabaha Immo,529947.02,120,7.93,92,Debloque,2026-03-19 09:30:58,AG-010
ENG-21918,CLI-10201,Mohamed Erraji,Mourabaha Immo,523857.05,120,5.85,50,Valide,2024-09-18 16:00:30,AG-005
ENG-21919,CLI-10360,Said Erraji,Mourabaha Immo,601239.98,240,3.94,22,Valide,2024-12-23 08:05:46,AG-006
ENG-21920,CLI-10185,Khadija Benjelloun,Mourabaha Immo,741921.61,180,3.87,55,Debloque,2024-11-28 09:03:55,AG-006
ENG-21921,CLI-10208,Youssef Tazi,Ijara,640569.91,240,3.6,32,Debloque,2026-11-22 17:28:16,AG-006
ENG-21922,CLI-10423,Asmaa Fikri,Mourabaha Immo,451701.13,240,5.69,81,Debloque,2025-05-24 16:59:51,AG-003
ENG-21923,CLI-10007,Abdellah El Amrani,Mourabaha Auto,118303.66,36,8.46,91,Valide,2023-07-02 09:55:16,AG-005
ENG-21924,CLI-10305,Said Bencheikh,Mourabaha Immo,954447.9,120,5.71,29,Valide,2025-09-23 09:39:40,AG-003
ENG-21925,CLI-10049,Noureddine Mouline,Ijara,439850.59,180,6.85,81,Debloque,2023-10-05 13:04:36,AG-001
ENG-21926,CLI-10062,Mohamed Slaoui,Credit Tresorerie,152932.41,12,6.52,65,Valide,2024-12-05 17:28:53,AG-004
ENG-21927,CLI-10332,Mehdi Hakim,Credit Tresorerie,335435.36,36,4.39,33,Valide,2025-06-26 09:04:27,AG-004
ENG-21928,CLI-10411,Hassan Balafrej,Mourabaha Auto,158247.05,60,3.96,41,Contentieux,2026-06-27 15:19:44,AG-004
ENG-21929,CLI-10406,Amine Idrissi,Investissement PME,1583067.44,84,8.05,94,Debloque,2026-03-12 17:05:33,AG-006
ENG-21930,CLI-10122,Noureddine Guedira,Mourabaha Auto,301808.44,36,5.15,93,Contentieux,2026-12-15 11:48:59,AG-008
ENG-21931,CLI-10363,Leila Tazi,Mourabaha Auto,81655.17,48,5.13,59,Valide,2025-05-20 15:33:31,AG-006
ENG-21932,CLI-10499,Ahmed Benjelloun,Credit Tresorerie,338825.15,24,6.12,63,Surveillance,2025-04-17 08:53:10,AG-003
ENG-21933,CLI-10293,Samira Alaoui,Mourabaha Immo,785743.07,240,7.06,57,,2026-10-28 14:03:40,AG-005
ENG-21934,CLI-10147,Hassan Tazi,Mourabaha Immo,473558.98,120,5.8,65,Debloque,2026-07-05 12:56:10,AG-005
ENG-21935,CLI-10356,Ahmed Lamrani,Mourabaha Auto,246662.26,48,4.94,39,Surveillance,2024-07-26 17:14:03,AG-007
ENG-21936,CLI-10044,Imane Fassi-Fihri,Mourabaha Auto,177665.14,48,8.58,27,Surveillance,2025-03-15 11:06:45,AG-009
ENG-21937,CLI-10236,Khalid Fassi-Fihri,Mourabaha Immo,469855.26,120,4.92,62,Debloque,2023-01-21 09:33:17,AG-010
ENG-21938,CLI-10313,Rachid Kabbaj,Mourabaha Auto,250290.21,36,8.88,87,Contentieux,2025-08-26 12:10:10,AG-003
ENG-21939,CLI-10327,Amine Jai,Mourabaha Immo,553855.12,180,6.89,73,Surveillance,2026-08-26 09:22:15,AG-002
ENG-21940,CLI-10011,Soukaina El Amrani,Mourabaha Auto,167504.08,,5.87,40,Debloque,2026-12-25 11:25:20,AG-006
ENG-21941,CLI-10310,Ahmed Berrada,Mourabaha Auto,131839.63,24,5.88,78,Debloque,2025-05-05 15:32:31,AG-003
ENG-21942,CLI-10378,Omar El Fassi,Mourabaha Auto,164592.43,48,4.93,26,Debloque,2025-03-21 11:07:25,AG-007
ENG-21943,CLI-10307,Amina Fikri,Mourabaha Immo,696380.06,180,5.94,66,Debloque,2025-10-08 17:12:19,AG-004
ENG-21944,CLI-10351,Hicham Bencheikh,Mourabaha Auto,311764.57,24,5.02,47,Debloque,2024-12-12 10:32:30,AG-004
ENG-21945,CLI-10114,Khadija Hakim,Mourabaha Immo,720000.27,240,4.04,48,Valide,2026-04-09 13:15:40,AG-008
ENG-21946,CLI-10348,Asmaa Balafrej,Mourabaha Immo,811799.08,120,8.92,74,Inconnu,2024-03-10 15:59:16,AG-001
ENG-21947,CLI-10192,Meryem Hakim,Mourabaha Immo,681561.42,120,4.77,25,Valide,2023-07-02 10:15:52,AG-004
ENG-21948,CLI-10050,Hicham Mouline,Credit Tresorerie,220349.89,24,7.4,66,Surveillance,2025-09-28 15:03:51,AG-004
ENG-21949,CLI-10495,Hind Mouline,Mourabaha Immo,632286.67,120,4.34,58,Surveillance,2026-05-03 09:37:39,AG-004
ENG-21950,,Amina Sbihi,Ijara,319423.28,120,4.22,49,Debloque,2023-08-25 16:04:37,AG-003
ENG-21951,CLI-10499,Ahmed Benjelloun,Credit Tresorerie,310671.16,36,4.73,59,Debloque,2025-02-20 15:07:21,AG-003
ENG-21952,CLI-10440,Ahmed Sbihi,Mourabaha Auto,218092.06,48,6.23,35,Surveillance,2026-07-26 11:11:32,AG-009
ENG-21953,CLI-10068,Rachid Mouline,Investissement PME,1847196.38,84,4.16,72,Valide,2023-11-22 16:42:23,AG-002
ENG-21954,CLI-10367,Khadija Erraji,Ijara,456658.08,180,4.22,20,Debloque,2023-06-02 12:09:03,AG-007
ENG-21955,CLI-10288,Abdellah Berrada,Mourabaha Auto,174619.07,60,6.78,78,Surveillance,2025-04-22 11:44:27,AG-008
ENG-21956,CLI-10382,Soukaina Erraji,Mourabaha Auto,349353.59,24,4.1,30,Surveillance,2026-12-04 08:46:13,AG-009
ENG-21957,CLI-10249,Karim Ouazzani,Credit Tresorerie,144003.01,36,6.77,24,Valide,2026-11-04 14:15:35,AG-005
ENG-21958,CLI-10209,Youssef Slaoui,Investissement PME,1472468.23,84,7.39,65,En analyse,2025-07-20 08:22:40,AG-007
ENG-21959,CLI-10172,Omar Erraji,Investissement PME,1227236.1,48,5.59,42,Debloque,2023-08-05 15:10:52,AG-004
ENG-21960,CLI-10345,Zineb Berrada,Mourabaha Auto,158515.91,48,5.96,44,Debloque,2025-07-10 08:29:33,AG-003
ENG-21961,CLI-10371,Mohamed Hakim,Mourabaha Auto,260383.06,24,7.73,76,Contentieux,2025-02-21 12:22:18,AG-007
ENG-21962,CLI-10105,Leila El Fassi,Ijara,454976.05,120,4.93,81,Valide,2023-07-13 16:32:46,AG-008
ENG-21963,CLI-10191,Amina Fikri,Mourabaha Immo,314007.07,120,3.96,58,Debloque,2023-06-22 17:50:23,AG-005
ENG-21964,CLI-10107,Khalid El Amrani,Investissement PME,1181860.25,48,8.59,31,Debloque,2026-04-19 10:01:46,AG-010
ENG-21965,CLI-10428,Youssef Kabbaj,Investissement PME,740793.03,48,4.82,80,Debloque,2026-04-01 11:06:24,AG-003
ENG-21966,CLI-10286,Imane Benjelloun,Ijara,509771.17,240,7.81,73,Valide,2025-09-16 10:00:54,AG-004
ENG-21967,CLI-10135,Imane Alaoui,Mourabaha Auto,284998.95,48,5.35,23,Debloque,2025-05-19 08:32:47,AG-008
ENG-21968,CLI-10341,Said Benjelloun,Mourabaha Auto,309288.3,36,6.62,83,Debloque,2026-04-17 16:30:08,AG-003
ENG-21969,CLI-10050,Hicham Mouline,Ijara,467251.9,180,4.87,48,Debloque,2023-01-01 17:05:18,AG-004
ENG-21970,CLI-10081,Driss Fassi-Fihri,Mourabaha Auto,196387.82,36,8.92,82,Debloque,2025-02-15 17:36:41,AG-008
ENG-21971,CLI-10139,Nadia Bencheikh,Ijara,223876.22,180,7.31,65,En analyse,2026-03-05 13:09:28,AG-003
ENG-21972,CLI-10324,Noureddine Hakim,Ijara,490867.04,120,4.41,51,En analyse,2024-05-02 13:24:47,AG-005
ENG-21973,CLI-10437,Samira Mouline,Credit Tresorerie,372134.37,12,7.13,86,Debloque,2023-05-04 16:54:40,AG-008
ENG-21974,CLI-10442,Imane Fassi-Fihri,Ijara,521337.28,120,5.35,72,Debloque,2023-12-18 09:54:11,AG-010
ENG-21975,CLI-10066,Hicham Fikri,Ijara,156655.67,180,6.99,24,Debloque,2026-04-14 09:20:08,AG-003
ENG-21976,CLI-10314,Hassan Jai,Mourabaha Immo,340920.89,240,7.96,56,Valide,2024-01-05 10:51:16,AG-007
ENG-21977,CLI-10077,Driss Jai,Mourabaha Immo,387462.2,240,3.89,79,Valide,2023-05-12 08:14:04,AG-003
ENG-21978,CLI-10447,Abdellah Balafrej,Mourabaha Immo,708755.63,240,3.67,39,Debloque,2026-11-19 09:58:16,AG-009
ENG-21979,CLI-10310,Ahmed Berrada,Mourabaha Auto,210278.34,60,3.97,53,Debloque,2023-09-19 09:53:06,AG-003
ENG-21980,CLI-10412,Asmaa Idrissi,Mourabaha Auto,169330.59,36,7.54,68,Contentieux,2024-05-24 15:26:35,AG-003
ENG-21981,CLI-10398,Mehdi Guedira,Mourabaha Immo,656110.51,180,3.93,31,Valide,2023-09-04 09:54:54,AG-001
ENG-21982,CLI-10054,Khalid Bennani,Mourabaha Immo,498888.34,180,8.57,49,Valide,2023-08-28 17:42:00,AG-010
ENG-21983,CLI-10231,Mohamed Sbihi,Mourabaha Immo,474625.45,240,5.01,26,Debloque,2026-08-04 12:42:52,AG-009
ENG-21984,CLI-10270,Abdellah El Amrani,Mourabaha Immo,638401.67,120,4.59,53,Debloque,2025-07-09 13:30:08,AG-004
ENG-21985,CLI-10079,Karim Jai,Ijara,310365.51,180,7.85,78,Debloque,2023-04-07 15:16:16,AG-006
ENG-21986,CLI-10298,Imane Fassi-Fihri,Mourabaha Auto,242471.91,60,3.52,49,Valide,2023-12-08 14:47:39,AG-007
ENG-21987,CLI-10096,Mehdi Fassi-Fihri,Credit Tresorerie,156268.74,12,8.08,22,Valide,2026-08-12 11:04:44,AG-005
ENG-21988,CLI-10024,Hassan Sbihi,Mourabaha Immo,904092.04,180,4.83,24,En analyse,2026-11-11 12:26:50,AG-004
ENG-21989,CLI-10203,Meryem Jai,Mourabaha Immo,637681.01,180,5.92,86,Debloque,2025-09-13 17:52:33,AG-006
ENG-21990,CLI-10261,Meryem Fassi-Fihri,Mourabaha Immo,407794.12,120,6.07,,Debloque,2023-01-02 15:51:29,AG-002
ENG-21991,CLI-10249,Karim Ouazzani,Investissement PME,1073673.55,84,5.22,59,Debloque,2024-01-15 16:06:07,AG-005
ENG-21992,CLI-10038,Said Erraji,Ijara,279511.13,240,7.37,74,Debloque,2023-05-20 08:10:59,AG-007
ENG-21993,CLI-10045,Samira Erraji,Investissement PME,2166343.26,84,5.96,49,Valide,2025-11-19 14:44:59,AG-008
ENG-21994,CLI-10482,Noureddine Berrada,Mourabaha Immo,432343.81,240,8.92,81,Debloque,2023-04-24 11:23:15,AG-003
ENG-21995,CLI-10449,Samira Alaoui,Investissement PME,3011875.98,48,5.62,71,Contentieux,2024-12-13 09:47:39,AG-007
ENG-21996,CLI-10426,Ahmed Sbihi,Ijara,494451.31,120,8.97,47,Contentieux,2025-07-23 10:17:32,AG-005
ENG-21997,CLI-10371,Mohamed Hakim,Mourabaha Immo,1181773.65,240,8.02,87,Debloque,2025-11-08 17:09:55,AG-007
ENG-21998,CLI-10416,Imane Sbihi,Ijara,255767.56,180,7.15,53,Debloque,2024-05-19 11:50:07,AG-005
ENG-21999,CLI-10247,Noureddine Erraji,Credit Tresorerie,21858.27,24,3.53,66,Debloque,2023-08-28 11:52:20,AG-008
ENG-22000,CLI-10065,Khalid Mouline,Mourabaha Immo,1258302.1,240,4.17,37,Valide,2026-12-26 17:35:39,AG-005
